timestamp,beats per minute
2025-08-20T12:13:17Z,70
2025-08-20T12:13:32Z,72
2025-08-20T12:13:37Z,74
2025-08-20T12:13:42Z,82
2025-08-20T12:13:47Z,83
2025-08-20T12:13:57Z,82
2025-08-20T12:14:02Z,81
2025-08-20T12:14:07Z,79
2025-08-20T12:14:12Z,78
2025-08-20T12:14:17Z,76
2025-08-20T12:14:27Z,72
2025-08-20T12:14:32Z,68
2025-08-20T12:14:37Z,67
2025-08-20T12:14:47Z,69
2025-08-20T12:14:52Z,71
2025-08-20T12:14:57Z,70
2025-08-20T12:15:02Z,69
2025-08-20T12:15:07Z,71
2025-08-20T12:15:17Z,72
2025-08-20T12:15:27Z,73
2025-08-20T12:15:32Z,74
2025-08-20T12:15:37Z,75
2025-08-20T12:15:52Z,74
2025-08-20T12:15:57Z,75
2025-08-20T12:16:12Z,73
2025-08-20T12:16:17Z,68
2025-08-20T12:16:22Z,68
2025-08-20T12:16:37Z,68
2025-08-20T12:16:42Z,69
2025-08-20T12:16:52Z,70
2025-08-20T12:16:57Z,71
2025-08-20T12:17:12Z,71
2025-08-20T12:17:22Z,72
2025-08-20T12:17:27Z,71
2025-08-20T12:17:42Z,71
2025-08-20T12:17:57Z,72
2025-08-20T12:18:02Z,73
2025-08-20T12:18:17Z,73
2025-08-20T12:18:22Z,74
2025-08-20T12:18:27Z,76
2025-08-20T12:18:32Z,77
2025-08-20T12:18:42Z,75
2025-08-20T12:18:46Z,74
2025-08-20T12:18:51Z,71
2025-08-20T12:19:01Z,72
2025-08-20T12:19:06Z,73
2025-08-20T12:19:11Z,75
2025-08-20T12:19:16Z,74
2025-08-20T12:19:21Z,73
2025-08-20T12:19:31Z,75
2025-08-20T12:19:41Z,76
2025-08-20T12:19:51Z,77
2025-08-20T12:20:06Z,77
2025-08-20T12:20:16Z,78
2025-08-20T12:20:21Z,76
2025-08-20T12:20:26Z,73
2025-08-20T12:20:31Z,72
2025-08-20T12:20:46Z,72
2025-08-20T12:20:51Z,71
2025-08-20T12:20:56Z,73
2025-08-20T12:21:01Z,77
2025-08-20T12:21:06Z,76
2025-08-20T12:21:11Z,73
2025-08-20T12:21:16Z,70
2025-08-20T12:21:21Z,69
2025-08-20T12:21:26Z,70
2025-08-20T12:21:31Z,72
2025-08-20T12:21:36Z,72
2025-08-20T12:21:41Z,73
2025-08-20T12:21:46Z,74
2025-08-20T12:22:01Z,74
2025-08-20T12:22:11Z,75
2025-08-20T12:22:26Z,74
2025-08-20T12:22:31Z,72
2025-08-20T12:22:36Z,71
2025-08-20T12:22:46Z,72
2025-08-20T12:22:56Z,73
2025-08-20T12:23:01Z,74
2025-08-20T12:23:16Z,71
2025-08-20T12:23:21Z,72
2025-08-20T12:23:31Z,75
2025-08-20T12:23:36Z,76
2025-08-20T12:23:51Z,76
2025-08-20T12:24:01Z,77
2025-08-20T12:24:11Z,78
2025-08-20T12:24:17Z,78
2025-08-20T12:24:32Z,78
2025-08-20T12:24:37Z,79
2025-08-20T12:24:52Z,78
2025-08-20T12:24:57Z,80
2025-08-20T12:25:02Z,82
2025-08-20T12:25:07Z,82
2025-08-20T12:25:12Z,83
2025-08-20T12:25:17Z,84
2025-08-20T12:25:27Z,83
2025-08-20T12:25:32Z,81
2025-08-20T12:25:37Z,84
2025-08-20T12:25:42Z,86
2025-08-20T12:25:47Z,88
2025-08-20T12:25:52Z,89
2025-08-20T12:25:57Z,85
2025-08-20T12:26:07Z,84
2025-08-20T12:26:22Z,83
2025-08-20T12:26:27Z,73
2025-08-20T12:26:32Z,70
2025-08-20T12:26:37Z,65
2025-08-20T12:26:42Z,66
2025-08-20T12:26:47Z,67
2025-08-20T12:26:52Z,68
2025-08-20T12:26:57Z,69
2025-08-20T12:27:02Z,68
2025-08-20T12:27:07Z,69
2025-08-20T12:27:12Z,70
2025-08-20T12:27:17Z,73
2025-08-20T12:27:22Z,75
2025-08-20T12:27:27Z,76
2025-08-20T12:27:42Z,76
2025-08-20T12:27:57Z,76
2025-08-20T12:28:12Z,73
2025-08-20T12:28:22Z,75
2025-08-20T12:28:27Z,79
2025-08-20T12:28:32Z,82
2025-08-20T12:28:37Z,86
2025-08-20T12:28:47Z,87
2025-08-20T12:28:57Z,86
2025-08-20T12:29:02Z,88
2025-08-20T12:29:07Z,90
2025-08-20T12:29:12Z,89
2025-08-20T12:29:17Z,90
2025-08-20T12:29:27Z,94
2025-08-20T12:29:32Z,96
2025-08-20T12:29:37Z,97
2025-08-20T12:29:42Z,98
2025-08-20T12:29:52Z,99
2025-08-20T12:30:07Z,98
2025-08-20T12:30:12Z,98
2025-08-20T12:30:17Z,97
2025-08-20T12:30:22Z,96
2025-08-20T12:30:27Z,95
2025-08-20T12:30:37Z,96
2025-08-20T12:30:42Z,97
2025-08-20T12:30:52Z,98
2025-08-20T12:30:57Z,96
2025-08-20T12:31:02Z,93
2025-08-20T12:31:07Z,92
2025-08-20T12:31:12Z,90
2025-08-20T12:31:22Z,89
2025-08-20T12:31:27Z,87
2025-08-20T12:31:32Z,83
2025-08-20T12:31:37Z,79
2025-08-20T12:31:47Z,78
2025-08-20T12:31:57Z,76
2025-08-20T12:32:02Z,75
2025-08-20T12:32:17Z,75
2025-08-20T12:32:32Z,75
2025-08-20T12:32:47Z,75
2025-08-20T12:32:52Z,76
2025-08-20T12:32:57Z,71
2025-08-20T12:33:02Z,70
2025-08-20T12:33:07Z,71
2025-08-20T12:33:22Z,71
2025-08-20T12:33:27Z,72
2025-08-20T12:33:42Z,73
2025-08-20T12:33:52Z,74
2025-08-20T12:33:57Z,73
2025-08-20T12:34:02Z,73
2025-08-20T12:34:17Z,73
2025-08-20T12:34:32Z,73
2025-08-20T12:34:42Z,74
2025-08-20T12:34:57Z,74
2025-08-20T12:35:12Z,74
2025-08-20T12:35:22Z,77
2025-08-20T12:35:27Z,78
2025-08-20T12:35:32Z,78
2025-08-20T12:35:47Z,78
2025-08-20T12:35:52Z,77
2025-08-20T12:35:57Z,76
2025-08-20T12:36:02Z,73
2025-08-20T12:36:07Z,66
2025-08-20T12:36:12Z,67
2025-08-20T12:36:17Z,68
2025-08-20T12:36:22Z,69
2025-08-20T12:36:37Z,69
2025-08-20T12:36:52Z,69
2025-08-20T12:36:57Z,68
2025-08-20T12:37:02Z,69
2025-08-20T12:37:07Z,68
2025-08-20T12:37:12Z,70
2025-08-20T12:37:17Z,72
2025-08-20T12:37:32Z,72
2025-08-20T12:37:47Z,73
2025-08-20T12:38:02Z,71
2025-08-20T12:38:07Z,71
2025-08-20T12:38:22Z,70
2025-08-20T12:38:32Z,69
2025-08-20T12:38:37Z,70
2025-08-20T12:38:47Z,71
2025-08-20T12:38:57Z,69
2025-08-20T12:39:02Z,67
2025-08-20T12:39:07Z,65
2025-08-20T12:39:12Z,66
2025-08-20T12:39:22Z,67
2025-08-20T12:39:27Z,68
2025-08-20T12:39:32Z,69
2025-08-20T12:39:42Z,68
2025-08-20T12:39:47Z,69
2025-08-20T12:39:52Z,70
2025-08-20T12:39:57Z,73
2025-08-20T12:40:02Z,74
2025-08-20T12:40:07Z,73
2025-08-20T12:40:22Z,73
2025-08-20T12:40:37Z,73
2025-08-20T12:40:52Z,73
2025-08-20T12:40:57Z,72
2025-08-20T12:41:02Z,71
2025-08-20T12:41:07Z,70
2025-08-20T12:41:22Z,71
2025-08-20T12:41:27Z,72
2025-08-20T12:41:32Z,73
2025-08-20T12:41:37Z,73
2025-08-20T12:41:52Z,72
2025-08-20T12:42:02Z,73
2025-08-20T12:42:07Z,75
2025-08-20T12:42:12Z,76
2025-08-20T12:42:17Z,75
2025-08-20T12:42:22Z,74
2025-08-20T12:42:32Z,74
2025-08-20T12:42:37Z,73
2025-08-20T12:42:42Z,72
2025-08-20T12:42:52Z,73
2025-08-20T12:42:57Z,74
2025-08-20T12:43:12Z,74
2025-08-20T12:43:17Z,75
2025-08-20T12:43:32Z,75
2025-08-20T12:43:47Z,75
2025-08-20T12:44:02Z,75
2025-08-20T12:44:12Z,75
2025-08-20T12:44:17Z,76
2025-08-20T12:44:32Z,76
2025-08-20T12:44:47Z,76
2025-08-20T12:45:02Z,76
2025-08-20T12:45:17Z,76
2025-08-20T12:45:22Z,75
2025-08-20T12:45:37Z,75
2025-08-20T12:45:47Z,76
2025-08-20T12:46:02Z,76
2025-08-20T12:46:07Z,73
2025-08-20T12:46:12Z,73
2025-08-20T12:46:27Z,73
2025-08-20T12:46:37Z,72
2025-08-20T12:46:42Z,73
2025-08-20T12:46:57Z,74
2025-08-20T12:47:02Z,72
2025-08-20T12:47:12Z,71
2025-08-20T12:47:17Z,72
2025-08-20T12:47:22Z,73
2025-08-20T12:47:27Z,74
2025-08-20T12:47:42Z,74
2025-08-20T12:47:57Z,73
2025-08-20T12:48:12Z,74
2025-08-20T12:48:17Z,75
2025-08-20T12:48:27Z,74
2025-08-20T12:48:32Z,75
2025-08-20T12:48:47Z,75
2025-08-20T12:48:52Z,76
2025-08-20T12:49:02Z,77
2025-08-20T12:49:07Z,78
2025-08-20T12:49:17Z,79
2025-08-20T12:49:22Z,78
2025-08-20T12:49:37Z,75
2025-08-20T12:49:42Z,76
2025-08-20T12:49:57Z,78
2025-08-20T12:50:02Z,77
2025-08-20T12:50:07Z,78
2025-08-20T12:50:12Z,79
2025-08-20T12:50:27Z,79
2025-08-20T12:50:37Z,78
2025-08-20T12:50:42Z,75
2025-08-20T12:50:47Z,74
2025-08-20T12:50:52Z,73
2025-08-20T12:50:57Z,74
2025-08-20T12:51:07Z,73
2025-08-20T12:51:12Z,72
2025-08-20T12:51:17Z,72
2025-08-20T12:51:32Z,72
2025-08-20T12:51:47Z,73
2025-08-20T12:52:02Z,73
2025-08-20T12:52:17Z,73
2025-08-20T12:52:22Z,74
2025-08-20T12:52:37Z,73
2025-08-20T12:52:52Z,73
2025-08-20T12:52:57Z,72
2025-08-20T12:53:12Z,73
2025-08-20T12:53:27Z,72
2025-08-20T12:53:32Z,69
2025-08-20T12:53:47Z,68
2025-08-20T12:53:52Z,65
2025-08-20T12:53:57Z,64
2025-08-20T12:54:07Z,66
2025-08-20T12:54:12Z,67
2025-08-20T12:54:17Z,69
2025-08-20T12:54:27Z,70
2025-08-20T12:54:42Z,70
2025-08-20T12:54:57Z,69
2025-08-20T12:55:02Z,65
2025-08-20T12:55:07Z,65
2025-08-20T12:55:22Z,66
2025-08-20T12:55:27Z,69
2025-08-20T12:55:37Z,70
2025-08-20T12:55:42Z,71
2025-08-20T12:55:47Z,70
2025-08-20T12:55:52Z,69
2025-08-20T12:55:57Z,72
2025-08-20T12:56:02Z,73
2025-08-20T12:56:07Z,76
2025-08-20T12:56:12Z,77
2025-08-20T12:56:22Z,77
2025-08-20T12:56:27Z,76
2025-08-20T12:56:32Z,75
2025-08-20T12:56:37Z,74
2025-08-20T12:56:52Z,74
2025-08-20T12:56:57Z,76
2025-08-20T12:57:02Z,76
2025-08-20T12:57:07Z,77
2025-08-20T12:57:12Z,77
2025-08-20T12:57:22Z,78
2025-08-20T12:57:37Z,78
2025-08-20T12:57:42Z,78
2025-08-20T12:57:47Z,78
2025-08-20T12:57:57Z,77
2025-08-20T12:58:12Z,77
2025-08-20T12:58:17Z,78
2025-08-20T12:58:22Z,78
2025-08-20T12:58:27Z,76
2025-08-20T12:58:37Z,77
2025-08-20T12:58:47Z,78
2025-08-20T12:59:02Z,78
2025-08-20T12:59:07Z,77
2025-08-20T12:59:22Z,76
2025-08-20T12:59:27Z,75
2025-08-20T12:59:42Z,75
2025-08-20T12:59:52Z,76
2025-08-20T13:00:02Z,75
2025-08-20T13:00:07Z,76
2025-08-20T13:00:12Z,75
2025-08-20T13:00:17Z,72
2025-08-20T13:00:22Z,66
2025-08-20T13:00:27Z,66
2025-08-20T13:00:42Z,67
2025-08-20T13:00:52Z,68
2025-08-20T13:00:57Z,69
2025-08-20T13:01:02Z,70
2025-08-20T13:01:07Z,69
2025-08-20T13:01:17Z,71
2025-08-20T13:01:22Z,71
2025-08-20T13:01:27Z,72
2025-08-20T13:01:32Z,71
2025-08-20T13:01:37Z,72
2025-08-20T13:01:42Z,73
2025-08-20T13:01:47Z,74
2025-08-20T13:01:52Z,75
2025-08-20T13:01:57Z,77
2025-08-20T13:02:02Z,79
2025-08-20T13:02:06Z,80
2025-08-20T13:02:11Z,82
2025-08-20T13:02:16Z,81
2025-08-20T13:02:21Z,82
2025-08-20T13:02:26Z,80
2025-08-20T13:02:31Z,78
2025-08-20T13:02:36Z,79
2025-08-20T13:02:41Z,82
2025-08-20T13:02:46Z,83
2025-08-20T13:03:01Z,86
2025-08-20T13:03:06Z,87
2025-08-20T13:03:21Z,87
2025-08-20T13:03:31Z,88
2025-08-20T13:03:41Z,89
2025-08-20T13:03:51Z,90
2025-08-20T13:03:56Z,89
2025-08-20T13:04:01Z,78
2025-08-20T13:04:06Z,74
2025-08-20T13:04:11Z,73
2025-08-20T13:04:21Z,74
2025-08-20T13:04:36Z,74
2025-08-20T13:04:51Z,75
2025-08-20T13:04:56Z,76
2025-08-20T13:05:01Z,77
2025-08-20T13:05:16Z,77
2025-08-20T13:05:31Z,77
2025-08-20T13:05:36Z,77
2025-08-20T13:05:51Z,78
2025-08-20T13:05:56Z,79
2025-08-20T13:06:06Z,78
2025-08-20T13:06:11Z,78
2025-08-20T13:06:16Z,76
2025-08-20T13:06:21Z,71
2025-08-20T13:06:26Z,64
2025-08-20T13:06:31Z,63
2025-08-20T13:06:36Z,62
2025-08-20T13:06:41Z,63
2025-08-20T13:06:46Z,64
2025-08-20T13:07:01Z,64
2025-08-20T13:07:11Z,63
2025-08-20T13:07:16Z,63
2025-08-20T13:07:21Z,63
2025-08-20T13:07:31Z,64
2025-08-20T13:07:36Z,65
2025-08-20T13:07:41Z,67
2025-08-20T13:07:51Z,67
2025-08-20T13:07:56Z,68
2025-08-20T13:08:01Z,69
2025-08-20T13:08:11Z,71
2025-08-20T13:08:26Z,71
2025-08-20T13:08:31Z,72
2025-08-20T13:08:36Z,73
2025-08-20T13:08:41Z,74
2025-08-20T13:08:46Z,71
2025-08-20T13:08:56Z,70
2025-08-20T13:09:06Z,72
2025-08-20T13:09:11Z,75
2025-08-20T13:09:21Z,75
2025-08-20T13:09:26Z,77
2025-08-20T13:09:31Z,78
2025-08-20T13:09:36Z,79
2025-08-20T13:09:41Z,79
2025-08-20T13:09:56Z,79
2025-08-20T13:10:01Z,80
2025-08-20T13:10:06Z,78
2025-08-20T13:10:11Z,77
2025-08-20T13:10:16Z,76
2025-08-20T13:10:26Z,77
2025-08-20T13:10:41Z,77
2025-08-20T13:10:46Z,75
2025-08-20T13:10:51Z,73
2025-08-20T13:10:56Z,71
2025-08-20T13:11:06Z,73
2025-08-20T13:11:11Z,72
2025-08-20T13:11:16Z,71
2025-08-20T13:11:21Z,72
2025-08-20T13:11:36Z,72
2025-08-20T13:11:46Z,73
2025-08-20T13:12:01Z,72
2025-08-20T13:12:11Z,73
2025-08-20T13:12:16Z,74
2025-08-20T13:12:26Z,76
2025-08-20T13:12:31Z,77
2025-08-20T13:12:36Z,75
2025-08-20T13:12:41Z,76
2025-08-20T13:12:56Z,76
2025-08-20T13:13:11Z,75
2025-08-20T13:13:16Z,74
2025-08-20T13:13:21Z,73
2025-08-20T13:13:36Z,73
2025-08-20T13:13:41Z,72
2025-08-20T13:13:56Z,68
2025-08-20T13:14:01Z,67
2025-08-20T13:14:06Z,66
2025-08-20T13:14:11Z,67
2025-08-20T13:14:26Z,67
2025-08-20T13:14:41Z,65
2025-08-20T13:14:56Z,66
2025-08-20T13:15:11Z,68
2025-08-20T13:15:16Z,67
2025-08-20T13:15:21Z,66
2025-08-20T13:15:26Z,65
2025-08-20T13:15:31Z,63
2025-08-20T13:15:41Z,63
2025-08-20T13:15:46Z,64
2025-08-20T13:15:51Z,65
2025-08-20T13:16:06Z,66
2025-08-20T13:16:11Z,65
2025-08-20T13:16:26Z,65
2025-08-20T13:16:31Z,65
2025-08-20T13:16:36Z,64
2025-08-20T13:16:41Z,62
2025-08-20T13:16:51Z,63
2025-08-20T13:17:06Z,63
2025-08-20T13:17:17Z,64
2025-08-20T13:17:27Z,65
2025-08-20T13:17:32Z,67
2025-08-20T13:17:37Z,68
2025-08-20T13:17:42Z,71
2025-08-20T13:17:47Z,72
2025-08-20T13:17:52Z,73
2025-08-20T13:18:07Z,73
2025-08-20T13:18:12Z,74
2025-08-20T13:18:17Z,75
2025-08-20T13:18:32Z,75
2025-08-20T13:18:47Z,76
2025-08-20T13:19:02Z,75
2025-08-20T13:19:17Z,75
2025-08-20T13:19:22Z,74
2025-08-20T13:19:27Z,72
2025-08-20T13:19:32Z,69
2025-08-20T13:19:37Z,67
2025-08-20T13:19:52Z,67
2025-08-20T13:19:57Z,68
2025-08-20T13:20:02Z,69
2025-08-20T13:20:07Z,71
2025-08-20T13:20:12Z,72
2025-08-20T13:20:17Z,73
2025-08-20T13:20:22Z,72
2025-08-20T13:20:37Z,73
2025-08-20T13:20:52Z,73
2025-08-20T13:20:57Z,74
2025-08-20T13:21:02Z,77
2025-08-20T13:21:07Z,78
2025-08-20T13:21:12Z,77
2025-08-20T13:21:17Z,79
2025-08-20T13:21:22Z,79
2025-08-20T13:21:32Z,77
2025-08-20T13:21:47Z,77
2025-08-20T13:21:52Z,78
2025-08-20T13:21:57Z,77
2025-08-20T13:22:07Z,78
2025-08-20T13:22:17Z,79
2025-08-20T13:22:27Z,78
2025-08-20T13:22:32Z,77
2025-08-20T13:22:42Z,76
2025-08-20T13:22:57Z,76
2025-08-20T13:23:02Z,74
2025-08-20T13:23:07Z,73
2025-08-20T13:23:17Z,71
2025-08-20T13:23:22Z,71
2025-08-20T13:23:32Z,73
2025-08-20T13:23:42Z,72
2025-08-20T13:23:47Z,73
2025-08-20T13:23:57Z,74
2025-08-20T13:24:02Z,75
2025-08-20T13:24:07Z,78
2025-08-20T13:24:12Z,81
2025-08-20T13:24:17Z,84
2025-08-20T13:24:22Z,87
2025-08-20T13:24:27Z,88
2025-08-20T13:24:32Z,89
2025-08-20T13:24:37Z,90
2025-08-20T13:24:42Z,94
2025-08-20T13:24:47Z,97
2025-08-20T13:24:57Z,94
2025-08-20T13:25:02Z,92
2025-08-20T13:25:07Z,94
2025-08-20T13:25:17Z,96
2025-08-20T13:25:22Z,98
2025-08-20T13:25:27Z,97
2025-08-20T13:25:32Z,99
2025-08-20T13:25:37Z,100
2025-08-20T13:25:42Z,99
2025-08-20T13:25:47Z,97
2025-08-20T13:25:52Z,96
2025-08-20T13:25:57Z,95
2025-08-20T13:26:02Z,94
2025-08-20T13:26:07Z,93
2025-08-20T13:26:12Z,92
2025-08-20T13:26:17Z,94
2025-08-20T13:26:27Z,93
2025-08-20T13:26:37Z,95
2025-08-20T13:26:42Z,97
2025-08-20T13:26:47Z,101
2025-08-20T13:26:52Z,103
2025-08-20T13:27:07Z,102
2025-08-20T13:27:12Z,99
2025-08-20T13:27:17Z,98
2025-08-20T13:27:22Z,93
2025-08-20T13:27:27Z,91
2025-08-20T13:27:32Z,92
2025-08-20T13:27:37Z,95
2025-08-20T13:27:47Z,96
2025-08-20T13:27:52Z,93
2025-08-20T13:28:07Z,94
2025-08-20T13:28:12Z,95
2025-08-20T13:28:17Z,97
2025-08-20T13:28:22Z,98
2025-08-20T13:28:27Z,99
2025-08-20T13:28:32Z,103
2025-08-20T13:28:37Z,105
2025-08-20T13:28:42Z,108
2025-08-20T13:28:47Z,111
2025-08-20T13:28:52Z,125
2025-08-20T13:28:57Z,131
2025-08-20T13:29:02Z,132
2025-08-20T13:29:07Z,133
2025-08-20T13:29:12Z,134
2025-08-20T13:29:17Z,132
2025-08-20T13:29:22Z,131
2025-08-20T13:29:27Z,132
2025-08-20T13:29:32Z,135
2025-08-20T13:29:37Z,137
2025-08-20T13:29:47Z,136
2025-08-20T13:29:52Z,135
2025-08-20T13:29:57Z,139
2025-08-20T13:30:02Z,141
2025-08-20T13:30:07Z,146
2025-08-20T13:30:12Z,149
2025-08-20T13:30:17Z,150
2025-08-20T13:30:22Z,151
2025-08-20T13:30:32Z,154
2025-08-20T13:30:37Z,163
2025-08-20T13:30:47Z,162
2025-08-20T13:30:52Z,161
2025-08-20T13:30:57Z,157
2025-08-20T13:31:02Z,155
2025-08-20T13:31:07Z,157
2025-08-20T13:31:12Z,158
2025-08-20T13:31:17Z,159
2025-08-20T13:31:22Z,160
2025-08-20T13:31:27Z,161
2025-08-20T13:31:32Z,161
2025-08-20T13:31:42Z,161
2025-08-20T13:31:47Z,158
2025-08-20T13:31:52Z,154
2025-08-20T13:31:57Z,154
2025-08-20T13:32:02Z,157
2025-08-20T13:32:07Z,160
2025-08-20T13:32:22Z,160
2025-08-20T13:32:32Z,157
2025-08-20T13:32:37Z,148
2025-08-20T13:32:42Z,145
2025-08-20T13:32:47Z,143
2025-08-20T13:32:52Z,142
2025-08-20T13:32:57Z,143
2025-08-20T13:33:12Z,143
2025-08-20T13:33:17Z,140
2025-08-20T13:33:22Z,140
2025-08-20T13:33:27Z,141
2025-08-20T13:33:32Z,138
2025-08-20T13:33:37Z,136
2025-08-20T13:33:42Z,134
2025-08-20T13:33:47Z,131
2025-08-20T13:33:52Z,126
2025-08-20T13:33:57Z,122
2025-08-20T13:34:02Z,116
2025-08-20T13:34:07Z,109
2025-08-20T13:34:12Z,106
2025-08-20T13:34:17Z,107
2025-08-20T13:34:22Z,111
2025-08-20T13:34:27Z,112
2025-08-20T13:34:32Z,114
2025-08-20T13:34:37Z,115
2025-08-20T13:34:42Z,116
2025-08-20T13:34:47Z,117
2025-08-20T13:34:52Z,116
2025-08-20T13:34:57Z,113
2025-08-20T13:35:02Z,110
2025-08-20T13:35:07Z,108
2025-08-20T13:35:12Z,107
2025-08-20T13:35:17Z,105
2025-08-20T13:35:22Z,103
2025-08-20T13:35:27Z,100
2025-08-20T13:35:42Z,99
2025-08-20T13:35:47Z,97
2025-08-20T13:35:52Z,95
2025-08-20T13:35:57Z,93
2025-08-20T13:36:02Z,94
2025-08-20T13:36:07Z,98
2025-08-20T13:36:12Z,99
2025-08-20T13:36:17Z,98
2025-08-20T13:36:22Z,98
2025-08-20T13:36:37Z,98
2025-08-20T13:36:42Z,99
2025-08-20T13:36:47Z,100
2025-08-20T13:36:52Z,99
2025-08-20T13:36:57Z,99
2025-08-20T13:37:12Z,99
2025-08-20T13:37:17Z,99
2025-08-20T13:37:32Z,99
2025-08-20T13:37:42Z,100
2025-08-20T13:37:47Z,101
2025-08-20T13:37:57Z,100
2025-08-20T13:38:02Z,95
2025-08-20T13:38:07Z,94
2025-08-20T13:38:12Z,95
2025-08-20T13:38:27Z,96
2025-08-20T13:38:32Z,95
2025-08-20T13:38:47Z,95
2025-08-20T13:38:52Z,96
2025-08-20T13:38:57Z,95
2025-08-20T13:39:02Z,95
2025-08-20T13:39:07Z,93
2025-08-20T13:39:22Z,94
2025-08-20T13:39:37Z,95
2025-08-20T13:39:47Z,94
2025-08-20T13:40:02Z,94
2025-08-20T13:40:12Z,95
2025-08-20T13:40:27Z,95
2025-08-20T13:40:32Z,96
2025-08-20T13:40:37Z,97
2025-08-20T13:40:42Z,96
2025-08-20T13:40:47Z,96
2025-08-20T13:40:57Z,95
2025-08-20T13:41:02Z,94
2025-08-20T13:41:07Z,94
2025-08-20T13:41:22Z,94
2025-08-20T13:41:37Z,95
2025-08-20T13:41:42Z,94
2025-08-20T13:41:47Z,92
2025-08-20T13:42:02Z,91
2025-08-20T13:42:12Z,90
2025-08-20T13:42:17Z,89
2025-08-20T13:42:22Z,88
2025-08-20T13:42:37Z,87
2025-08-20T13:42:47Z,89
2025-08-20T13:42:52Z,94
2025-08-20T13:42:57Z,99
2025-08-20T13:43:02Z,101
2025-08-20T13:43:07Z,102
2025-08-20T13:43:12Z,104
2025-08-20T13:43:17Z,105
2025-08-20T13:43:22Z,106
2025-08-20T13:43:32Z,107
2025-08-20T13:43:47Z,108
2025-08-20T13:43:52Z,109
2025-08-20T13:44:07Z,104
2025-08-20T13:44:12Z,107
2025-08-20T13:44:17Z,113
2025-08-20T13:44:22Z,115
2025-08-20T13:44:27Z,114
2025-08-20T13:44:32Z,111
2025-08-20T13:44:37Z,110
2025-08-20T13:44:52Z,110
2025-08-20T13:44:57Z,111
2025-08-20T13:45:02Z,110
2025-08-20T13:45:07Z,107
2025-08-20T13:45:17Z,108
2025-08-20T13:45:22Z,109
2025-08-20T13:45:27Z,110
2025-08-20T13:45:32Z,108
2025-08-20T13:45:37Z,106
2025-08-20T13:45:52Z,112
2025-08-20T13:45:57Z,113
2025-08-20T13:46:07Z,110
2025-08-20T13:46:12Z,109
2025-08-20T13:46:17Z,111
2025-08-20T13:46:22Z,112
2025-08-20T13:46:27Z,109
2025-08-20T13:46:32Z,108
2025-08-20T13:46:37Z,109
2025-08-20T13:46:42Z,108
2025-08-20T13:46:47Z,107
2025-08-20T13:46:57Z,106
2025-08-20T13:47:02Z,104
2025-08-20T13:47:07Z,100
2025-08-20T13:47:17Z,102
2025-08-20T13:47:22Z,112
2025-08-20T13:47:27Z,110
2025-08-20T13:47:32Z,112
2025-08-20T13:47:37Z,111
2025-08-20T13:47:42Z,124
2025-08-20T13:47:48Z,137
2025-08-20T13:47:53Z,141
2025-08-20T13:47:58Z,147
2025-08-20T13:48:03Z,153
2025-08-20T13:48:08Z,154
2025-08-20T13:48:13Z,153
2025-08-20T13:48:23Z,155
2025-08-20T13:48:28Z,154
2025-08-20T13:48:33Z,153
2025-08-20T13:48:38Z,154
2025-08-20T13:48:48Z,152
2025-08-20T13:48:53Z,145
2025-08-20T13:48:58Z,146
2025-08-20T13:49:08Z,143
2025-08-20T13:49:18Z,140
2025-08-20T13:49:28Z,142
2025-08-20T13:49:33Z,144
2025-08-20T13:49:38Z,145
2025-08-20T13:49:43Z,146
2025-08-20T13:49:53Z,149
2025-08-20T13:49:58Z,147
2025-08-20T13:50:03Z,149
2025-08-20T13:50:08Z,150
2025-08-20T13:50:13Z,151
2025-08-20T13:50:28Z,152
2025-08-20T13:50:33Z,153
2025-08-20T13:50:38Z,150
2025-08-20T13:50:43Z,154
2025-08-20T13:50:58Z,156
2025-08-20T13:51:13Z,156
2025-08-20T13:51:23Z,146
2025-08-20T13:51:28Z,141
2025-08-20T13:51:33Z,139
2025-08-20T13:51:38Z,137
2025-08-20T13:51:43Z,136
2025-08-20T13:51:48Z,134
2025-08-20T13:51:53Z,129
2025-08-20T13:51:58Z,125
2025-08-20T13:52:03Z,121
2025-08-20T13:52:08Z,116
2025-08-20T13:52:13Z,109
2025-08-20T13:52:18Z,104
2025-08-20T13:52:23Z,101
2025-08-20T13:52:28Z,100
2025-08-20T13:52:33Z,97
2025-08-20T13:52:38Z,92
2025-08-20T13:52:43Z,89
2025-08-20T13:52:48Z,87
2025-08-20T13:52:53Z,84
2025-08-20T13:53:03Z,85
2025-08-20T13:53:08Z,94
2025-08-20T13:53:13Z,102
2025-08-20T13:53:18Z,101
2025-08-20T13:53:23Z,98
2025-08-20T13:53:28Z,96
2025-08-20T13:53:33Z,93
2025-08-20T13:53:38Z,91
2025-08-20T13:53:53Z,91
2025-08-20T13:53:58Z,92
2025-08-20T13:54:03Z,94
2025-08-20T13:54:08Z,97
2025-08-20T13:54:13Z,101
2025-08-20T13:54:18Z,102
2025-08-20T13:54:23Z,106
2025-08-20T13:54:33Z,106
2025-08-20T13:54:38Z,107
2025-08-20T13:54:43Z,104
2025-08-20T13:54:53Z,106
2025-08-20T13:54:58Z,102
2025-08-20T13:55:03Z,100
2025-08-20T13:55:18Z,100
2025-08-20T13:55:33Z,101
2025-08-20T13:55:43Z,98
2025-08-20T13:55:48Z,99
2025-08-20T13:55:53Z,100
2025-08-20T13:55:58Z,99
2025-08-20T13:56:13Z,101
2025-08-20T13:56:18Z,101
2025-08-20T13:56:23Z,100
2025-08-20T13:56:38Z,101
2025-08-20T13:56:48Z,99
2025-08-20T13:56:53Z,96
2025-08-20T13:56:58Z,99
2025-08-20T13:57:03Z,100
2025-08-20T13:57:08Z,102
2025-08-20T13:57:18Z,101
2025-08-20T13:57:23Z,101
2025-08-20T13:57:38Z,101
2025-08-20T13:57:53Z,102
2025-08-20T13:58:03Z,102
2025-08-20T13:58:13Z,104
2025-08-20T13:58:18Z,105
2025-08-20T13:58:33Z,104
2025-08-20T13:58:38Z,102
2025-08-20T13:58:43Z,98
2025-08-20T13:58:58Z,98
2025-08-20T13:59:13Z,96
2025-08-20T13:59:18Z,97
2025-08-20T13:59:23Z,98
2025-08-20T13:59:33Z,97
2025-08-20T13:59:38Z,95
2025-08-20T13:59:43Z,96
2025-08-20T13:59:48Z,98
2025-08-20T13:59:53Z,100
2025-08-20T13:59:58Z,101
2025-08-20T14:00:03Z,101
2025-08-20T14:00:08Z,100
2025-08-20T14:00:23Z,99
2025-08-20T14:00:28Z,98
2025-08-20T14:00:33Z,97
2025-08-20T14:00:38Z,98
2025-08-20T14:00:43Z,99
2025-08-20T14:00:48Z,99
2025-08-20T14:00:58Z,98
2025-08-20T14:01:08Z,97
2025-08-20T14:01:13Z,98
2025-08-20T14:01:18Z,100
2025-08-20T14:01:33Z,98
2025-08-20T14:01:38Z,94
2025-08-20T14:01:43Z,93
2025-08-20T14:01:58Z,92
2025-08-20T14:02:03Z,94
2025-08-20T14:02:08Z,95
2025-08-20T14:02:13Z,97
2025-08-20T14:02:18Z,100
2025-08-20T14:02:23Z,101
2025-08-20T14:02:28Z,101
2025-08-20T14:02:43Z,101
2025-08-20T14:02:48Z,100
2025-08-20T14:02:57Z,100
2025-08-20T14:03:02Z,95
2025-08-20T14:03:07Z,91
2025-08-20T14:03:12Z,90
2025-08-20T14:03:22Z,90
2025-08-20T14:03:27Z,87
2025-08-20T14:03:37Z,85
2025-08-20T14:03:42Z,86
2025-08-20T14:03:47Z,90
2025-08-20T14:03:52Z,91
2025-08-20T14:04:07Z,91
2025-08-20T14:04:12Z,91
2025-08-20T14:04:22Z,90
2025-08-20T14:04:27Z,88
2025-08-20T14:04:32Z,83
2025-08-20T14:04:47Z,83
2025-08-20T14:04:52Z,88
2025-08-20T14:04:57Z,93
2025-08-20T14:05:02Z,95
2025-08-20T14:05:07Z,95
2025-08-20T14:05:12Z,96
2025-08-20T14:05:22Z,97
2025-08-20T14:05:27Z,98
2025-08-20T14:05:42Z,98
2025-08-20T14:05:57Z,97
2025-08-20T14:06:07Z,98
2025-08-20T14:06:17Z,97
2025-08-20T14:06:22Z,97
2025-08-20T14:06:37Z,97
2025-08-20T14:06:47Z,97
2025-08-20T14:06:57Z,98
2025-08-20T14:07:02Z,97
2025-08-20T14:07:17Z,97
2025-08-20T14:07:22Z,98
2025-08-20T14:07:27Z,97
2025-08-20T14:07:32Z,95
2025-08-20T14:07:37Z,94
2025-08-20T14:07:47Z,93
2025-08-20T14:07:52Z,92
2025-08-20T14:07:57Z,93
2025-08-20T14:08:12Z,93
2025-08-20T14:08:27Z,93
2025-08-20T14:08:32Z,94
2025-08-20T14:08:37Z,93
2025-08-20T14:08:52Z,93
2025-08-20T14:09:07Z,93
2025-08-20T14:09:12Z,92
2025-08-20T14:09:17Z,91
2025-08-20T14:09:22Z,90
2025-08-20T14:09:27Z,91
2025-08-20T14:09:32Z,96
2025-08-20T14:09:37Z,98
2025-08-20T14:09:52Z,98
2025-08-20T14:09:57Z,97
2025-08-20T14:10:02Z,96
2025-08-20T14:10:07Z,95
2025-08-20T14:10:17Z,95
2025-08-20T14:10:22Z,94
2025-08-20T14:10:27Z,93
2025-08-20T14:10:37Z,94
2025-08-20T14:10:52Z,94
2025-08-20T14:11:02Z,95
2025-08-20T14:11:17Z,95
2025-08-20T14:11:27Z,95
2025-08-20T14:11:42Z,95
2025-08-20T14:11:47Z,94
2025-08-20T14:12:02Z,94
2025-08-20T14:12:07Z,94
2025-08-20T14:12:12Z,95
2025-08-20T14:12:17Z,93
2025-08-20T14:12:22Z,92
2025-08-20T14:12:27Z,91
2025-08-20T14:12:42Z,93
2025-08-20T14:12:47Z,93
2025-08-20T14:13:02Z,93
2025-08-20T14:13:07Z,92
2025-08-20T14:13:17Z,93
2025-08-20T14:13:32Z,92
2025-08-20T14:13:37Z,93
2025-08-20T14:13:52Z,93
2025-08-20T14:14:02Z,92
2025-08-20T14:14:07Z,93
2025-08-20T14:14:22Z,93
2025-08-20T14:14:32Z,94
2025-08-20T14:14:42Z,95
2025-08-20T14:14:47Z,96
2025-08-20T14:14:52Z,95
2025-08-20T14:14:57Z,94
2025-08-20T14:15:02Z,92
2025-08-20T14:15:17Z,92
2025-08-20T14:15:27Z,93
2025-08-20T14:15:32Z,92
2025-08-20T14:15:47Z,93
2025-08-20T14:15:57Z,92
2025-08-20T14:16:02Z,90
2025-08-20T14:16:07Z,89
2025-08-20T14:16:12Z,88
2025-08-20T14:16:22Z,89
2025-08-20T14:16:32Z,88
2025-08-20T14:16:42Z,87
2025-08-20T14:16:47Z,84
2025-08-20T14:16:52Z,86
2025-08-20T14:16:57Z,87
2025-08-20T14:17:12Z,87
2025-08-20T14:17:17Z,88
2025-08-20T14:17:27Z,89
2025-08-20T14:17:42Z,89
2025-08-20T14:17:57Z,89
2025-08-20T14:18:02Z,88
2025-08-20T14:18:07Z,89
2025-08-20T14:18:12Z,90
2025-08-20T14:18:22Z,91
2025-08-20T14:18:27Z,93
2025-08-20T14:18:32Z,95
2025-08-20T14:18:37Z,98
2025-08-20T14:18:42Z,99
2025-08-20T14:18:57Z,100
2025-08-20T14:19:12Z,101
2025-08-20T14:19:27Z,101
2025-08-20T14:19:32Z,104
2025-08-20T14:19:37Z,106
2025-08-20T14:19:47Z,105
2025-08-20T14:19:57Z,104
2025-08-20T14:20:07Z,105
2025-08-20T14:20:12Z,107
2025-08-20T14:20:17Z,105
2025-08-20T14:20:27Z,106
2025-08-20T14:20:32Z,107
2025-08-20T14:20:47Z,107
2025-08-20T14:20:57Z,109
2025-08-20T14:21:02Z,111
2025-08-20T14:21:07Z,112
2025-08-20T14:21:12Z,108
2025-08-20T14:21:17Z,102
2025-08-20T14:21:22Z,97
2025-08-20T14:21:27Z,98
2025-08-20T14:21:32Z,101
2025-08-20T14:21:37Z,100
2025-08-20T14:21:47Z,104
2025-08-20T14:21:52Z,103
2025-08-20T14:22:07Z,104
2025-08-20T14:22:22Z,104
2025-08-20T14:22:27Z,102
2025-08-20T14:22:37Z,100
2025-08-20T14:22:47Z,101
2025-08-20T14:22:57Z,100
2025-08-20T14:23:02Z,99
2025-08-20T14:23:07Z,100
2025-08-20T14:23:17Z,99
2025-08-20T14:23:27Z,100
2025-08-20T14:23:32Z,98
2025-08-20T14:23:37Z,99
2025-08-20T14:23:42Z,101
2025-08-20T14:23:47Z,102
2025-08-20T14:23:57Z,104
2025-08-20T14:24:02Z,100
2025-08-20T14:24:07Z,98
2025-08-20T14:24:17Z,101
2025-08-20T14:24:22Z,104
2025-08-20T14:24:27Z,105
2025-08-20T14:24:37Z,107
2025-08-20T14:24:42Z,106
2025-08-20T14:24:47Z,101
2025-08-20T14:24:57Z,99
2025-08-20T14:25:02Z,97
2025-08-20T14:25:12Z,97
2025-08-20T14:25:17Z,97
2025-08-20T14:25:32Z,97
2025-08-20T14:25:47Z,97
2025-08-20T14:25:52Z,98
2025-08-20T14:26:02Z,96
2025-08-20T14:26:07Z,96
2025-08-20T14:26:17Z,90
2025-08-20T14:26:32Z,90
2025-08-20T14:26:37Z,89
2025-08-20T14:26:42Z,86
2025-08-20T14:26:47Z,88
2025-08-20T14:26:57Z,89
2025-08-20T14:27:02Z,90
2025-08-20T14:27:07Z,91
2025-08-20T14:27:12Z,90
2025-08-20T14:27:22Z,90
2025-08-20T14:27:37Z,90
2025-08-20T14:27:52Z,91
2025-08-20T14:28:07Z,90
2025-08-20T14:28:12Z,90
2025-08-20T14:28:27Z,90
2025-08-20T14:28:42Z,90
2025-08-20T14:28:52Z,91
2025-08-20T14:28:57Z,92
2025-08-20T14:29:02Z,94
2025-08-20T14:29:07Z,95
2025-08-20T14:29:17Z,98
2025-08-20T14:29:22Z,99
2025-08-20T14:29:27Z,100
2025-08-20T14:29:32Z,102
2025-08-20T14:29:37Z,103
2025-08-20T14:29:42Z,102
2025-08-20T14:29:47Z,100
2025-08-20T14:29:57Z,101
2025-08-20T14:30:07Z,96
2025-08-20T14:30:17Z,98
2025-08-20T14:30:22Z,99
2025-08-20T14:30:27Z,101
2025-08-20T14:30:32Z,103
2025-08-20T14:30:37Z,104
2025-08-20T14:30:47Z,105
2025-08-20T14:30:52Z,106
2025-08-20T14:30:57Z,105
2025-08-20T14:31:02Z,103
2025-08-20T14:31:07Z,104
2025-08-20T14:31:12Z,103
2025-08-20T14:31:27Z,103
2025-08-20T14:31:32Z,104
2025-08-20T14:31:37Z,103
2025-08-20T14:31:42Z,100
2025-08-20T14:31:47Z,99
2025-08-20T14:31:52Z,103
2025-08-20T14:31:57Z,104
2025-08-20T14:32:02Z,105
2025-08-20T14:32:12Z,104
2025-08-20T14:32:17Z,105
2025-08-20T14:32:22Z,104
2025-08-20T14:32:27Z,102
2025-08-20T14:32:32Z,94
2025-08-20T14:32:37Z,92
2025-08-20T14:32:42Z,91
2025-08-20T14:32:47Z,93
2025-08-20T14:32:52Z,94
2025-08-20T14:32:57Z,98
2025-08-20T14:33:13Z,98
2025-08-20T14:33:23Z,99
2025-08-20T14:33:38Z,99
2025-08-20T14:33:48Z,100
2025-08-20T14:33:53Z,101
2025-08-20T14:33:58Z,104
2025-08-20T14:34:03Z,107
2025-08-20T14:34:08Z,112
2025-08-20T14:34:13Z,115
2025-08-20T14:34:18Z,114
2025-08-20T14:34:23Z,111
2025-08-20T14:34:28Z,109
2025-08-20T14:34:33Z,107
2025-08-20T14:34:38Z,108
2025-08-20T14:34:43Z,117
2025-08-20T14:34:48Z,119
2025-08-20T14:34:53Z,118
2025-08-20T14:35:03Z,117
2025-08-20T14:35:08Z,116
2025-08-20T14:35:13Z,112
2025-08-20T14:35:18Z,111
2025-08-20T14:35:23Z,113
2025-08-20T14:35:28Z,117
2025-08-20T14:35:33Z,120
2025-08-20T14:35:38Z,119
2025-08-20T14:35:43Z,121
2025-08-20T14:35:48Z,122
2025-08-20T14:35:53Z,125
2025-08-20T14:35:58Z,128
2025-08-20T14:36:03Z,130
2025-08-20T14:36:08Z,128
2025-08-20T14:36:13Z,123
2025-08-20T14:36:18Z,128
2025-08-20T14:36:23Z,132
2025-08-20T14:36:28Z,141
2025-08-20T14:36:33Z,148
2025-08-20T14:36:38Z,150
2025-08-20T14:36:48Z,152
2025-08-20T14:36:53Z,154
2025-08-20T14:37:03Z,155
2025-08-20T14:37:08Z,153
2025-08-20T14:37:13Z,151
2025-08-20T14:37:18Z,150
2025-08-20T14:37:23Z,152
2025-08-20T14:37:28Z,151
2025-08-20T14:37:33Z,152
2025-08-20T14:37:43Z,156
2025-08-20T14:37:48Z,157
2025-08-20T14:37:53Z,161
2025-08-20T14:37:58Z,155
2025-08-20T14:38:03Z,151
2025-08-20T14:38:08Z,150
2025-08-20T14:38:13Z,145
2025-08-20T14:38:18Z,141
2025-08-20T14:38:23Z,139
2025-08-20T14:38:28Z,135
2025-08-20T14:38:33Z,133
2025-08-20T14:38:38Z,130
2025-08-20T14:38:43Z,129
2025-08-20T14:38:48Z,127
2025-08-20T14:38:53Z,125
2025-08-20T14:38:58Z,123
2025-08-20T14:39:03Z,122
2025-08-20T14:39:08Z,120
2025-08-20T14:39:13Z,118
2025-08-20T14:39:18Z,117
2025-08-20T14:39:33Z,119
2025-08-20T14:39:38Z,117
2025-08-20T14:39:43Z,119
2025-08-20T14:39:48Z,118
2025-08-20T14:39:58Z,115
2025-08-20T14:40:03Z,114
2025-08-20T14:40:13Z,112
2025-08-20T14:40:18Z,109
2025-08-20T14:40:28Z,108
2025-08-20T14:40:33Z,105
2025-08-20T14:40:38Z,103
2025-08-20T14:40:43Z,102
2025-08-20T14:40:58Z,102
2025-08-20T14:41:03Z,102
2025-08-20T14:41:13Z,100
2025-08-20T14:41:18Z,99
2025-08-20T14:41:23Z,99
2025-08-20T14:41:28Z,100
2025-08-20T14:41:33Z,103
2025-08-20T14:41:38Z,116
2025-08-20T14:41:43Z,131
2025-08-20T14:41:48Z,140
2025-08-20T14:41:53Z,147
2025-08-20T14:41:58Z,150
2025-08-20T14:42:03Z,147
2025-08-20T14:42:08Z,145
2025-08-20T14:42:13Z,142
2025-08-20T14:42:18Z,141
2025-08-20T14:42:23Z,138
2025-08-20T14:42:28Z,135
2025-08-20T14:42:33Z,132
2025-08-20T14:42:38Z,131
2025-08-20T14:42:43Z,128
2025-08-20T14:42:48Z,122
2025-08-20T14:42:53Z,116
2025-08-20T14:42:58Z,128
2025-08-20T14:43:03Z,139
2025-08-20T14:43:08Z,140
2025-08-20T14:43:18Z,137
2025-08-20T14:43:23Z,134
2025-08-20T14:43:28Z,130
2025-08-20T14:43:33Z,125
2025-08-20T14:43:38Z,122
2025-08-20T14:43:43Z,118
2025-08-20T14:43:48Z,112
2025-08-20T14:43:53Z,109
2025-08-20T14:43:58Z,107
2025-08-20T14:44:08Z,106
2025-08-20T14:44:13Z,108
2025-08-20T14:44:18Z,113
2025-08-20T14:44:23Z,115
2025-08-20T14:44:28Z,112
2025-08-20T14:44:33Z,115
2025-08-20T14:44:38Z,116
2025-08-20T14:44:43Z,118
2025-08-20T14:44:48Z,121
2025-08-20T14:44:53Z,122
2025-08-20T14:44:58Z,121
2025-08-20T14:45:03Z,115
2025-08-20T14:45:08Z,116
2025-08-20T14:45:13Z,133
2025-08-20T14:45:18Z,144
2025-08-20T14:45:23Z,142
2025-08-20T14:45:28Z,132
2025-08-20T14:45:33Z,128
2025-08-20T14:45:38Z,123
2025-08-20T14:45:43Z,122
2025-08-20T14:45:48Z,121
2025-08-20T14:46:03Z,120
2025-08-20T14:46:08Z,118
2025-08-20T14:46:13Z,117
2025-08-20T14:46:18Z,116
2025-08-20T14:46:23Z,115
2025-08-20T14:46:28Z,113
2025-08-20T14:46:33Z,114
2025-08-20T14:46:38Z,115
2025-08-20T14:46:43Z,116
2025-08-20T14:46:48Z,112
2025-08-20T14:46:53Z,110
2025-08-20T14:46:58Z,108
2025-08-20T14:47:08Z,110
2025-08-20T14:47:13Z,111
2025-08-20T14:47:18Z,112
2025-08-20T14:47:23Z,113
2025-08-20T14:47:28Z,113
2025-08-20T14:47:33Z,112
2025-08-20T14:47:38Z,113
2025-08-20T14:47:48Z,110
2025-08-20T14:47:53Z,106
2025-08-20T14:48:08Z,106
2025-08-20T14:48:13Z,108
2025-08-20T14:48:15Z,109
2025-08-20T14:48:20Z,111
2025-08-20T14:48:25Z,113
2025-08-20T14:48:40Z,113
2025-08-20T14:48:45Z,111
2025-08-20T14:49:00Z,110
2025-08-20T14:49:05Z,105
2025-08-20T14:49:10Z,96
2025-08-20T14:49:15Z,95
2025-08-20T14:49:20Z,94
2025-08-20T14:49:25Z,94
2025-08-20T14:49:35Z,94
2025-08-20T14:49:50Z,93
2025-08-20T14:50:00Z,92
2025-08-20T14:50:10Z,91
2025-08-20T14:50:15Z,90
2025-08-20T14:50:20Z,89
2025-08-20T14:50:25Z,88
2025-08-20T14:50:30Z,89
2025-08-20T14:50:35Z,88
2025-08-20T14:50:50Z,88
2025-08-20T14:51:00Z,89
2025-08-20T14:51:10Z,88
2025-08-20T14:51:15Z,89
2025-08-20T14:51:31Z,89
2025-08-20T14:51:46Z,89
2025-08-20T14:52:01Z,88
2025-08-20T14:52:16Z,87
2025-08-20T14:52:26Z,88
2025-08-20T14:52:41Z,90
2025-08-20T14:52:46Z,87
2025-08-20T14:52:51Z,88
2025-08-20T14:52:56Z,87
2025-08-20T14:53:01Z,88
2025-08-20T14:53:06Z,88
2025-08-20T14:53:21Z,88
2025-08-20T14:53:36Z,88
2025-08-20T14:53:46Z,89
2025-08-20T14:53:56Z,88
2025-08-20T14:54:06Z,87
2025-08-20T14:54:21Z,87
2025-08-20T14:54:26Z,86
2025-08-20T14:54:31Z,87
2025-08-20T14:54:46Z,87
2025-08-20T14:54:57Z,87
2025-08-20T14:55:12Z,87
2025-08-20T14:55:27Z,87
2025-08-20T14:55:42Z,87
2025-08-20T14:55:47Z,88
2025-08-20T14:56:02Z,88
2025-08-20T14:56:07Z,87
2025-08-20T14:56:22Z,88
2025-08-20T14:56:32Z,86
2025-08-20T14:56:37Z,85
2025-08-20T14:56:52Z,86
2025-08-20T14:56:57Z,85
2025-08-20T14:57:02Z,86
2025-08-20T14:57:49Z,70
2025-08-20T14:58:04Z,71
2025-08-20T14:58:09Z,80
2025-08-20T14:58:24Z,80
2025-08-20T14:58:39Z,65
2025-08-20T14:58:44Z,62
2025-08-20T14:58:54Z,61
2025-08-20T14:59:04Z,62
2025-08-20T14:59:14Z,61
2025-08-20T14:59:19Z,60
2025-08-20T14:59:24Z,59
2025-08-20T14:59:29Z,58
2025-08-20T14:59:44Z,58
2025-08-20T14:59:49Z,57
2025-08-20T14:59:54Z,57
2025-08-20T14:59:59Z,56
2025-08-20T15:00:04Z,57
2025-08-20T15:00:09Z,57
2025-08-20T15:00:14Z,58
2025-08-20T15:00:19Z,59
2025-08-20T15:00:29Z,59
2025-08-20T15:00:34Z,60
2025-08-20T15:00:44Z,60
2025-08-20T15:00:54Z,58
2025-08-20T15:01:04Z,58
2025-08-20T15:01:09Z,58
2025-08-20T15:01:24Z,58
2025-08-20T15:01:39Z,58
2025-08-20T15:01:49Z,58
2025-08-20T15:01:59Z,57
2025-08-20T15:02:04Z,56
2025-08-20T15:02:09Z,55
2025-08-20T15:02:14Z,55
2025-08-20T15:02:19Z,57
2025-08-20T15:02:24Z,58
2025-08-20T15:02:39Z,58
2025-08-20T15:02:44Z,58
2025-08-20T15:02:49Z,59
2025-08-20T15:02:54Z,60
2025-08-20T15:02:59Z,62
2025-08-20T15:03:14Z,61
2025-08-20T15:03:29Z,61
2025-08-20T15:03:34Z,60
2025-08-20T15:03:49Z,60
2025-08-20T15:03:54Z,59
2025-08-20T15:04:09Z,60
2025-08-20T15:04:14Z,61
2025-08-20T15:04:29Z,63
2025-08-20T15:04:34Z,64
2025-08-20T15:04:44Z,63
2025-08-20T15:04:59Z,63
2025-08-20T15:05:04Z,64
2025-08-20T15:05:09Z,63
2025-08-20T15:05:14Z,62
2025-08-20T15:05:19Z,63
2025-08-20T15:05:34Z,65
2025-08-20T15:05:39Z,67
2025-08-20T15:05:44Z,68
2025-08-20T15:05:49Z,70
2025-08-20T15:05:59Z,71
2025-08-20T15:06:04Z,72
2025-08-20T15:06:09Z,73
2025-08-20T15:06:14Z,75
2025-08-20T15:06:29Z,75
2025-08-20T15:06:34Z,76
2025-08-20T15:06:39Z,75
2025-08-20T15:06:44Z,74
2025-08-20T15:06:49Z,75
2025-08-20T15:06:54Z,76
2025-08-20T15:06:59Z,77
2025-08-20T15:07:14Z,77
2025-08-20T15:07:19Z,76
2025-08-20T15:07:24Z,74
2025-08-20T15:07:34Z,75
2025-08-20T15:07:49Z,77
2025-08-20T15:07:59Z,81
2025-08-20T15:08:04Z,84
2025-08-20T15:08:14Z,83
2025-08-20T15:08:19Z,82
2025-08-20T15:08:24Z,79
2025-08-20T15:08:34Z,80
2025-08-20T15:08:39Z,83
2025-08-20T15:08:44Z,85
2025-08-20T15:08:49Z,83
2025-08-20T15:08:54Z,83
2025-08-20T15:09:09Z,84
2025-08-20T15:09:19Z,80
2025-08-20T15:09:24Z,78
2025-08-20T15:09:34Z,77
2025-08-20T15:09:39Z,76
2025-08-20T15:09:49Z,77
2025-08-20T15:09:54Z,77
2025-08-20T15:10:09Z,77
2025-08-20T15:10:19Z,78
2025-08-20T15:10:34Z,78
2025-08-20T15:10:44Z,78
2025-08-20T15:10:54Z,76
2025-08-20T15:10:59Z,75
2025-08-20T15:11:04Z,72
2025-08-20T15:11:09Z,69
2025-08-20T15:11:14Z,67
2025-08-20T15:11:24Z,68
2025-08-20T15:11:39Z,67
2025-08-20T15:11:44Z,66
2025-08-20T15:11:49Z,65
2025-08-20T15:11:54Z,63
2025-08-20T15:11:59Z,63
2025-08-20T15:12:09Z,61
2025-08-20T15:12:19Z,60
2025-08-20T15:12:34Z,59
2025-08-20T15:12:44Z,60
2025-08-20T15:12:54Z,61
2025-08-20T15:12:59Z,63
2025-08-20T15:13:09Z,61
2025-08-20T15:13:14Z,58
2025-08-20T15:13:29Z,57
2025-08-20T15:13:44Z,57
2025-08-20T15:13:49Z,56
2025-08-20T15:13:59Z,57
2025-08-20T15:14:04Z,58
2025-08-20T15:14:09Z,59
2025-08-20T15:14:14Z,60
2025-08-20T15:14:24Z,61
2025-08-20T15:14:39Z,61
2025-08-20T15:14:44Z,60
2025-08-20T15:14:49Z,62
2025-08-20T15:14:54Z,63
2025-08-20T15:15:04Z,63
2025-08-20T15:15:09Z,63
2025-08-20T15:15:14Z,62
2025-08-20T15:15:19Z,61
2025-08-20T15:15:24Z,61
2025-08-20T15:15:29Z,62
2025-08-20T15:15:34Z,62
2025-08-20T15:15:49Z,62
2025-08-20T15:16:04Z,62
2025-08-20T15:16:19Z,63
2025-08-20T15:16:34Z,63
2025-08-20T15:16:44Z,62
2025-08-20T15:16:59Z,62
2025-08-20T15:17:04Z,63
2025-08-20T15:17:19Z,64
2025-08-20T15:17:29Z,63
2025-08-20T15:17:44Z,63
2025-08-20T15:17:49Z,62
2025-08-20T15:18:04Z,62
2025-08-20T15:18:19Z,62
2025-08-20T15:18:29Z,63
2025-08-20T15:18:34Z,63
2025-08-20T15:18:39Z,63
2025-08-20T15:18:54Z,64
2025-08-20T15:19:09Z,64
2025-08-20T15:19:24Z,63
2025-08-20T15:19:29Z,62
2025-08-20T15:19:39Z,61
2025-08-20T15:19:54Z,62
2025-08-20T15:19:59Z,63
2025-08-20T15:20:04Z,65
2025-08-20T15:20:09Z,66
2025-08-20T15:20:19Z,68
2025-08-20T15:20:24Z,68
2025-08-20T15:20:29Z,69
2025-08-20T15:20:34Z,66
2025-08-20T15:20:39Z,66
2025-08-20T15:20:54Z,66
2025-08-20T15:20:59Z,65
2025-08-20T15:21:04Z,64
2025-08-20T15:21:14Z,65
2025-08-20T15:21:24Z,64
2025-08-20T15:21:39Z,64
2025-08-20T15:21:44Z,63
2025-08-20T15:21:49Z,62
2025-08-20T15:21:59Z,61
2025-08-20T15:22:14Z,62
2025-08-20T15:22:19Z,63
2025-08-20T15:22:24Z,62
2025-08-20T15:22:34Z,61
2025-08-20T15:22:49Z,61
2025-08-20T15:22:54Z,60
2025-08-20T15:23:04Z,61
2025-08-20T15:23:09Z,63
2025-08-20T15:23:14Z,64
2025-08-20T15:23:29Z,62
2025-08-20T15:23:34Z,61
2025-08-20T15:23:49Z,61
2025-08-20T15:23:54Z,62
2025-08-20T15:24:09Z,63
2025-08-20T15:24:14Z,63
2025-08-20T15:24:29Z,64
2025-08-20T15:24:44Z,64
2025-08-20T15:24:49Z,65
2025-08-20T15:24:59Z,64
2025-08-20T15:25:14Z,65
2025-08-20T15:25:24Z,66
2025-08-20T15:25:34Z,67
2025-08-20T15:25:39Z,69
2025-08-20T15:25:49Z,70
2025-08-20T15:25:54Z,72
2025-08-20T15:25:59Z,71
2025-08-20T15:26:04Z,72
2025-08-20T15:26:09Z,74
2025-08-20T15:26:14Z,76
2025-08-20T15:26:19Z,78
2025-08-20T15:26:24Z,82
2025-08-20T15:26:29Z,87
2025-08-20T15:26:34Z,88
2025-08-20T15:26:39Z,83
2025-08-20T15:26:44Z,86
2025-08-20T15:26:49Z,92
2025-08-20T15:26:54Z,94
2025-08-20T15:26:59Z,93
2025-08-20T15:27:04Z,90
2025-08-20T15:27:09Z,88
2025-08-20T15:27:14Z,87
2025-08-20T15:27:19Z,84
2025-08-20T15:27:24Z,85
2025-08-20T15:27:39Z,83
2025-08-20T15:27:44Z,81
2025-08-20T15:27:49Z,82
2025-08-20T15:27:54Z,83
2025-08-20T15:27:59Z,85
2025-08-20T15:28:04Z,82
2025-08-20T15:28:09Z,81
2025-08-20T15:28:14Z,82
2025-08-20T15:28:19Z,85
2025-08-20T15:28:24Z,88
2025-08-20T15:28:29Z,91
2025-08-20T15:28:34Z,96
2025-08-20T15:28:39Z,100
2025-08-20T15:28:44Z,107
2025-08-20T15:28:49Z,108
2025-08-20T15:28:54Z,109
2025-08-20T15:28:59Z,108
2025-08-20T15:29:04Z,106
2025-08-20T15:29:09Z,104
2025-08-20T15:29:19Z,99
2025-08-20T15:29:24Z,91
2025-08-20T15:29:29Z,85
2025-08-20T15:29:34Z,84
2025-08-20T15:29:39Z,80
2025-08-20T15:29:44Z,71
2025-08-20T15:29:49Z,68
2025-08-20T15:29:54Z,69
2025-08-20T15:29:59Z,68
2025-08-20T15:30:04Z,67
2025-08-20T15:30:19Z,68
2025-08-20T15:30:29Z,69
2025-08-20T15:30:39Z,70
2025-08-20T15:30:44Z,72
2025-08-20T15:30:49Z,71
2025-08-20T15:30:54Z,70
2025-08-20T15:31:04Z,71
2025-08-20T15:31:09Z,72
2025-08-20T15:31:14Z,73
2025-08-20T15:31:19Z,74
2025-08-20T15:31:24Z,76
2025-08-20T15:31:29Z,77
2025-08-20T15:31:44Z,75
2025-08-20T15:31:49Z,74
2025-08-20T15:31:54Z,73
2025-08-20T15:31:59Z,74
2025-08-20T15:32:04Z,77
2025-08-20T15:32:09Z,80
2025-08-20T15:32:14Z,81
2025-08-20T15:32:19Z,80
2025-08-20T15:32:24Z,79
2025-08-20T15:32:29Z,82
2025-08-20T15:32:34Z,83
2025-08-20T15:32:39Z,80
2025-08-20T15:32:44Z,78
2025-08-20T15:32:49Z,75
2025-08-20T15:32:54Z,74
2025-08-20T15:32:59Z,75
2025-08-20T15:33:04Z,77
2025-08-20T15:33:09Z,79
2025-08-20T15:33:14Z,80
2025-08-20T15:33:19Z,81
2025-08-20T15:33:24Z,82
2025-08-20T15:33:34Z,80
2025-08-20T15:33:39Z,79
2025-08-20T15:33:49Z,76
2025-08-20T15:33:54Z,73
2025-08-20T15:33:59Z,72
2025-08-20T15:34:09Z,71
2025-08-20T15:34:14Z,73
2025-08-20T15:34:19Z,75
2025-08-20T15:34:24Z,77
2025-08-20T15:34:29Z,80
2025-08-20T15:34:34Z,81
2025-08-20T15:34:39Z,84
2025-08-20T15:34:44Z,86
2025-08-20T15:34:49Z,87
2025-08-20T15:34:54Z,86
2025-08-20T15:34:59Z,82
2025-08-20T15:35:04Z,80
2025-08-20T15:35:09Z,79
2025-08-20T15:35:14Z,78
2025-08-20T15:35:19Z,77
2025-08-20T15:35:24Z,75
2025-08-20T15:35:29Z,74
2025-08-20T15:35:34Z,73
2025-08-20T15:35:39Z,72
2025-08-20T15:35:44Z,71
2025-08-20T15:35:54Z,72
2025-08-20T15:35:59Z,73
2025-08-20T15:36:04Z,70
2025-08-20T15:36:09Z,67
2025-08-20T15:36:14Z,66
2025-08-20T15:36:19Z,65
2025-08-20T15:36:29Z,66
2025-08-20T15:36:39Z,61
2025-08-20T15:36:49Z,60
2025-08-20T15:36:54Z,61
2025-08-20T15:37:09Z,63
2025-08-20T15:37:14Z,66
2025-08-20T15:37:19Z,68
2025-08-20T15:37:29Z,67
2025-08-20T15:37:34Z,66
2025-08-20T15:37:44Z,67
2025-08-20T15:37:49Z,68
2025-08-20T15:37:54Z,70
2025-08-20T15:37:59Z,71
2025-08-20T15:38:04Z,72
2025-08-20T15:38:09Z,73
2025-08-20T15:38:14Z,74
2025-08-20T15:38:19Z,73
2025-08-20T15:38:24Z,72
2025-08-20T15:38:29Z,74
2025-08-20T15:38:34Z,75
2025-08-20T15:38:49Z,75
2025-08-20T15:38:54Z,74
2025-08-20T15:38:59Z,73
2025-08-20T15:39:14Z,73
2025-08-20T15:39:29Z,73
2025-08-20T15:39:34Z,74
2025-08-20T15:39:49Z,74
2025-08-20T15:39:54Z,75
2025-08-20T15:39:59Z,76
2025-08-20T15:40:14Z,75
2025-08-20T15:40:19Z,76
2025-08-20T15:40:29Z,77
2025-08-20T15:40:34Z,75
2025-08-20T15:40:39Z,74
2025-08-20T15:40:44Z,72
2025-08-20T15:40:54Z,71
2025-08-20T15:41:04Z,72
2025-08-20T15:41:09Z,73
2025-08-20T15:41:14Z,74
2025-08-20T15:41:19Z,77
2025-08-20T15:41:29Z,76
2025-08-20T15:41:44Z,76
2025-08-20T15:41:49Z,77
2025-08-20T15:41:54Z,74
2025-08-20T15:41:59Z,70
2025-08-20T15:42:04Z,72
2025-08-20T15:42:14Z,73
2025-08-20T15:42:24Z,76
2025-08-20T15:42:29Z,82
2025-08-20T15:42:39Z,81
2025-08-20T15:42:49Z,82
2025-08-20T15:42:54Z,87
2025-08-20T15:42:59Z,90
2025-08-20T15:43:04Z,91
2025-08-20T15:43:09Z,93
2025-08-20T15:43:14Z,95
2025-08-20T15:43:19Z,96
2025-08-20T15:43:29Z,95
2025-08-20T15:43:44Z,91
2025-08-20T15:43:49Z,90
2025-08-20T15:43:54Z,87
2025-08-20T15:44:09Z,87
2025-08-20T15:44:14Z,88
2025-08-20T15:44:19Z,94
2025-08-20T15:44:24Z,96
2025-08-20T15:44:29Z,99
2025-08-20T15:44:34Z,99
2025-08-20T15:44:39Z,101
2025-08-20T15:44:44Z,98
2025-08-20T15:44:49Z,93
2025-08-20T15:44:54Z,92
2025-08-20T15:44:59Z,94
2025-08-20T15:45:04Z,95
2025-08-20T15:45:19Z,95
2025-08-20T15:45:24Z,90
2025-08-20T15:45:29Z,86
2025-08-20T15:45:34Z,86
2025-08-20T15:45:49Z,87
2025-08-20T15:45:54Z,88
2025-08-20T15:46:09Z,89
2025-08-20T15:46:14Z,90
2025-08-20T15:46:19Z,91
2025-08-20T15:46:24Z,92
2025-08-20T15:46:39Z,91
2025-08-20T15:46:44Z,87
2025-08-20T15:46:49Z,85
2025-08-20T15:47:04Z,87
2025-08-20T15:47:09Z,88
2025-08-20T15:47:19Z,87
2025-08-20T15:47:24Z,88
2025-08-20T15:47:29Z,89
2025-08-20T15:47:34Z,91
2025-08-20T15:47:39Z,95
2025-08-20T15:47:44Z,111
2025-08-20T15:47:49Z,115
2025-08-20T15:47:54Z,111
2025-08-20T15:48:04Z,110
2025-08-20T15:48:09Z,111
2025-08-20T15:48:14Z,110
2025-08-20T15:48:19Z,104
2025-08-20T15:48:24Z,105
2025-08-20T15:48:29Z,106
2025-08-20T15:48:34Z,108
2025-08-20T15:48:39Z,106
2025-08-20T15:48:44Z,102
2025-08-20T15:48:49Z,103
2025-08-20T15:48:54Z,102
2025-08-20T15:48:59Z,98
2025-08-20T15:49:04Z,93
2025-08-20T15:49:09Z,92
2025-08-20T15:49:14Z,93
2025-08-20T15:49:24Z,92
2025-08-20T15:49:29Z,90
2025-08-20T15:49:34Z,87
2025-08-20T15:49:39Z,83
2025-08-20T15:49:44Z,71
2025-08-20T15:49:49Z,70
2025-08-20T15:49:54Z,71
2025-08-20T15:49:59Z,73
2025-08-20T15:50:04Z,70
2025-08-20T15:50:09Z,69
2025-08-20T15:50:14Z,67
2025-08-20T15:50:19Z,66
2025-08-20T15:50:24Z,64
2025-08-20T15:50:29Z,62
2025-08-20T15:50:34Z,61
2025-08-20T15:50:39Z,60
2025-08-20T15:50:54Z,59
2025-08-20T15:51:04Z,58
2025-08-20T15:51:19Z,58
2025-08-20T15:51:29Z,57
2025-08-20T15:51:34Z,56
2025-08-20T15:51:39Z,57
2025-08-20T15:51:49Z,58
2025-08-20T15:51:54Z,60
2025-08-20T15:51:59Z,63
2025-08-20T15:52:04Z,62
2025-08-20T15:52:09Z,59
2025-08-20T15:52:19Z,59
2025-08-20T15:52:24Z,60
2025-08-20T15:52:39Z,60
2025-08-20T15:52:44Z,61
2025-08-20T15:52:49Z,62
2025-08-20T15:53:04Z,62
2025-08-20T15:53:19Z,61
2025-08-20T15:53:24Z,62
2025-08-20T15:53:29Z,62
2025-08-20T15:53:39Z,63
2025-08-20T15:53:44Z,60
2025-08-20T15:53:54Z,59
2025-08-20T15:53:59Z,58
2025-08-20T15:54:09Z,59
2025-08-20T15:54:14Z,58
2025-08-20T15:54:19Z,59
2025-08-20T15:54:24Z,61
2025-08-20T15:54:29Z,62
2025-08-20T15:54:44Z,62
2025-08-20T15:54:59Z,63
2025-08-20T15:55:09Z,64
2025-08-20T15:55:24Z,64
2025-08-20T15:55:29Z,65
2025-08-20T15:55:44Z,65
2025-08-20T15:55:49Z,65
2025-08-20T15:55:59Z,65
2025-08-20T15:56:14Z,66
2025-08-20T15:56:19Z,67
2025-08-20T15:56:24Z,65
2025-08-20T15:56:29Z,64
2025-08-20T15:56:34Z,65
2025-08-20T15:56:39Z,64
2025-08-20T15:56:49Z,63
2025-08-20T15:57:04Z,63
2025-08-20T15:57:19Z,62
2025-08-20T15:57:24Z,62
2025-08-20T15:57:39Z,62
2025-08-20T15:57:49Z,63
2025-08-20T15:57:59Z,64
2025-08-20T15:58:14Z,64
2025-08-20T15:58:29Z,65
2025-08-20T15:58:44Z,65
2025-08-20T15:58:49Z,65
2025-08-20T15:59:04Z,65
2025-08-20T15:59:14Z,67
2025-08-20T15:59:19Z,70
2025-08-20T15:59:24Z,72
2025-08-20T15:59:29Z,67
2025-08-20T15:59:34Z,66
2025-08-20T15:59:39Z,67
2025-08-20T15:59:49Z,66
2025-08-20T15:59:59Z,65
2025-08-20T16:00:14Z,65
2025-08-20T16:00:19Z,62
2025-08-20T16:00:24Z,61
2025-08-20T16:00:29Z,60
2025-08-20T16:00:34Z,61
2025-08-20T16:00:44Z,62
2025-08-20T16:00:49Z,61
2025-08-20T16:01:04Z,62
2025-08-20T16:01:14Z,63
2025-08-20T16:01:19Z,64
2025-08-20T16:01:24Z,64
2025-08-20T16:01:39Z,63
2025-08-20T16:01:54Z,62
2025-08-20T16:01:59Z,61
2025-08-20T16:02:14Z,61
2025-08-20T16:02:24Z,62
2025-08-20T16:02:39Z,62
2025-08-20T16:02:54Z,62
2025-08-20T16:03:09Z,63
2025-08-20T16:03:24Z,63
2025-08-20T16:03:39Z,63
2025-08-20T16:03:49Z,62
2025-08-20T16:03:59Z,61
2025-08-20T16:04:09Z,62
2025-08-20T16:04:14Z,63
2025-08-20T16:04:29Z,65
2025-08-20T16:04:34Z,67
2025-08-20T16:04:39Z,69
2025-08-20T16:04:44Z,71
2025-08-20T16:04:49Z,73
2025-08-20T16:05:04Z,74
2025-08-20T16:05:09Z,75
2025-08-20T16:05:14Z,74
2025-08-20T16:05:19Z,76
2025-08-20T16:05:24Z,75
2025-08-20T16:05:29Z,74
2025-08-20T16:05:44Z,75
2025-08-20T16:05:49Z,77
2025-08-20T16:06:04Z,77
2025-08-20T16:06:14Z,80
2025-08-20T16:06:19Z,81
2025-08-20T16:06:24Z,82
2025-08-20T16:06:39Z,82
2025-08-20T16:06:50Z,82
2025-08-20T16:07:00Z,81
2025-08-20T16:07:05Z,80
2025-08-20T16:07:10Z,78
2025-08-20T16:07:15Z,76
2025-08-20T16:07:20Z,75
2025-08-20T16:07:25Z,73
2025-08-20T16:07:30Z,72
2025-08-20T16:07:45Z,72
2025-08-20T16:07:50Z,73
2025-08-20T16:08:05Z,73
2025-08-20T16:08:20Z,72
2025-08-20T16:08:25Z,73
2025-08-20T16:08:35Z,74
2025-08-20T16:08:50Z,74
2025-08-20T16:08:55Z,72
2025-08-20T16:09:00Z,68
2025-08-20T16:09:05Z,69
2025-08-20T16:09:10Z,70
2025-08-20T16:09:25Z,69
2025-08-20T16:09:30Z,67
2025-08-20T16:09:40Z,68
2025-08-20T16:09:50Z,69
2025-08-20T16:09:55Z,70
2025-08-20T16:10:00Z,69
2025-08-20T16:10:05Z,64
2025-08-20T16:10:10Z,63
2025-08-20T16:10:15Z,63
2025-08-20T16:10:30Z,63
2025-08-20T16:10:45Z,63
2025-08-20T16:10:50Z,64
2025-08-20T16:10:55Z,62
2025-08-20T16:11:05Z,63
2025-08-20T16:11:15Z,62
2025-08-20T16:11:20Z,61
2025-08-20T16:11:35Z,62
2025-08-20T16:11:40Z,63
2025-08-20T16:11:50Z,64
2025-08-20T16:11:55Z,65
2025-08-20T16:12:00Z,66
2025-08-20T16:12:10Z,68
2025-08-20T16:12:20Z,70
2025-08-20T16:12:25Z,72
2025-08-20T16:12:30Z,74
2025-08-20T16:12:35Z,73
2025-08-20T16:12:40Z,70
2025-08-20T16:12:45Z,68
2025-08-20T16:13:00Z,69
2025-08-20T16:13:05Z,68
2025-08-20T16:13:10Z,70
2025-08-20T16:13:20Z,69
2025-08-20T16:13:35Z,70
2025-08-20T16:13:50Z,72
2025-08-20T16:14:00Z,65
2025-08-20T16:14:05Z,65
2025-08-20T16:14:15Z,66
2025-08-20T16:14:30Z,67
2025-08-20T16:14:35Z,68
2025-08-20T16:14:40Z,66
2025-08-20T16:14:45Z,65
2025-08-20T16:14:50Z,66
2025-08-20T16:14:55Z,67
2025-08-20T16:15:05Z,68
2025-08-20T16:15:10Z,69
2025-08-20T16:15:20Z,71
2025-08-20T16:15:25Z,72
2025-08-20T16:15:30Z,73
2025-08-20T16:15:35Z,73
2025-08-20T16:15:40Z,73
2025-08-20T16:15:45Z,74
2025-08-20T16:15:55Z,75
2025-08-20T16:16:00Z,73
2025-08-20T16:16:05Z,72
2025-08-20T16:16:20Z,72
2025-08-20T16:16:25Z,70
2025-08-20T16:16:30Z,68
2025-08-20T16:16:35Z,70
2025-08-20T16:16:40Z,72
2025-08-20T16:16:45Z,71
2025-08-20T16:16:50Z,71
2025-08-20T16:16:55Z,72
2025-08-20T16:17:00Z,73
2025-08-20T16:17:15Z,74
2025-08-20T16:17:25Z,75
2025-08-20T16:17:30Z,76
2025-08-20T16:17:35Z,74
2025-08-20T16:17:45Z,77
2025-08-20T16:17:55Z,78
2025-08-20T16:18:00Z,80
2025-08-20T16:18:05Z,81
2025-08-20T16:18:10Z,78
2025-08-20T16:18:20Z,79
2025-08-20T16:18:25Z,81
2025-08-20T16:18:30Z,82
2025-08-20T16:18:35Z,85
2025-08-20T16:18:40Z,86
2025-08-20T16:18:50Z,86
2025-08-20T16:19:00Z,87
2025-08-20T16:19:05Z,88
2025-08-20T16:19:10Z,89
2025-08-20T16:19:14Z,90
2025-08-20T16:19:19Z,91
2025-08-20T16:19:29Z,90
2025-08-20T16:19:39Z,86
2025-08-20T16:19:44Z,84
2025-08-20T16:19:54Z,83
2025-08-20T16:19:59Z,84
2025-08-20T16:20:04Z,83
2025-08-20T16:20:19Z,85
2025-08-20T16:20:24Z,86
2025-08-20T16:20:29Z,85
2025-08-20T16:20:34Z,84
2025-08-20T16:20:39Z,82
2025-08-20T16:20:44Z,80
2025-08-20T16:20:49Z,80
2025-08-20T16:21:04Z,80
2025-08-20T16:21:09Z,79
2025-08-20T16:21:14Z,78
2025-08-20T16:21:19Z,76
2025-08-20T16:21:29Z,76
2025-08-20T16:21:34Z,77
2025-08-20T16:21:44Z,76
2025-08-20T16:21:54Z,77
2025-08-20T16:22:04Z,76
2025-08-20T16:22:19Z,76
2025-08-20T16:22:24Z,76
2025-08-20T16:22:29Z,76
2025-08-20T16:22:34Z,76
2025-08-20T16:22:44Z,76
2025-08-20T16:22:59Z,76
2025-08-20T16:23:14Z,76
2025-08-20T16:23:19Z,75
2025-08-20T16:23:24Z,74
2025-08-20T16:23:29Z,73
2025-08-20T16:23:44Z,73
2025-08-20T16:23:59Z,73
2025-08-20T16:24:04Z,72
2025-08-20T16:24:09Z,73
2025-08-20T16:24:19Z,74
2025-08-20T16:24:29Z,76
2025-08-20T16:24:34Z,77
2025-08-20T16:24:44Z,78
2025-08-20T16:24:59Z,78
2025-08-20T16:25:14Z,78
2025-08-20T16:25:29Z,78
2025-08-20T16:25:39Z,77
2025-08-20T16:25:44Z,76
2025-08-20T16:25:54Z,77
2025-08-20T16:25:59Z,79
2025-08-20T16:26:04Z,78
2025-08-20T16:26:14Z,80
2025-08-20T16:26:24Z,81
2025-08-20T16:26:39Z,81
2025-08-20T16:26:44Z,80
2025-08-20T16:26:49Z,78
2025-08-20T16:26:54Z,80
2025-08-20T16:26:59Z,79
2025-08-20T16:27:04Z,78
2025-08-20T16:27:19Z,78
2025-08-20T16:27:34Z,78
2025-08-20T16:27:39Z,77
2025-08-20T16:27:44Z,78
2025-08-20T16:27:49Z,67
2025-08-20T16:27:54Z,66
2025-08-20T16:27:59Z,68
2025-08-20T16:28:04Z,69
2025-08-20T16:28:09Z,70
2025-08-20T16:28:14Z,71
2025-08-20T16:28:29Z,71
2025-08-20T16:28:34Z,72
2025-08-20T16:28:39Z,74
2025-08-20T16:28:44Z,75
2025-08-20T16:28:59Z,77
2025-08-20T16:29:09Z,76
2025-08-20T16:29:14Z,75
2025-08-20T16:29:24Z,74
2025-08-20T16:29:29Z,73
2025-08-20T16:29:44Z,73
2025-08-20T16:29:59Z,73
2025-08-20T16:30:04Z,74
2025-08-20T16:30:09Z,75
2025-08-20T16:30:14Z,74
2025-08-20T16:30:19Z,75
2025-08-20T16:30:34Z,75
2025-08-20T16:30:39Z,76
2025-08-20T16:30:54Z,77
2025-08-20T16:30:59Z,76
2025-08-20T16:31:04Z,72
2025-08-20T16:31:09Z,71
2025-08-20T16:31:14Z,72
2025-08-20T16:31:19Z,71
2025-08-20T16:31:24Z,70
2025-08-20T16:31:34Z,71
2025-08-20T16:31:39Z,76
2025-08-20T16:31:44Z,81
2025-08-20T16:31:49Z,78
2025-08-20T16:31:59Z,76
2025-08-20T16:32:04Z,62
2025-08-20T16:32:09Z,60
2025-08-20T16:32:24Z,60
2025-08-20T16:32:29Z,59
2025-08-20T16:32:39Z,61
2025-08-20T16:32:44Z,73
2025-08-20T16:32:49Z,78
2025-08-20T16:32:54Z,79
2025-08-20T16:32:59Z,80
2025-08-20T16:33:09Z,78
2025-08-20T16:33:14Z,74
2025-08-20T16:33:24Z,74
2025-08-20T16:33:34Z,73
2025-08-20T16:33:49Z,70
2025-08-20T16:33:54Z,60
2025-08-20T16:33:59Z,58
2025-08-20T16:34:14Z,56
2025-08-20T16:34:24Z,55
2025-08-20T16:34:29Z,54
2025-08-20T16:34:44Z,55
2025-08-20T16:34:49Z,56
2025-08-20T16:34:59Z,57
2025-08-20T16:35:09Z,59
2025-08-20T16:35:14Z,57
2025-08-20T16:35:19Z,56
2025-08-20T16:35:24Z,56
2025-08-20T16:35:29Z,55
2025-08-20T16:35:44Z,54
2025-08-20T16:35:49Z,54
2025-08-20T16:36:04Z,54
2025-08-20T16:36:09Z,56
2025-08-20T16:36:14Z,55
2025-08-20T16:36:19Z,55
2025-08-20T16:36:24Z,56
2025-08-20T16:36:29Z,55
2025-08-20T16:36:44Z,54
2025-08-20T16:36:49Z,54
2025-08-20T16:37:04Z,54
2025-08-20T16:37:09Z,54
2025-08-20T16:37:14Z,55
2025-08-20T16:37:24Z,57
2025-08-20T16:37:34Z,58
2025-08-20T16:37:39Z,57
2025-08-20T16:37:54Z,57
2025-08-20T16:38:09Z,57
2025-08-20T16:38:19Z,58
2025-08-20T16:38:34Z,58
2025-08-20T16:38:49Z,58
2025-08-20T16:39:04Z,58
2025-08-20T16:39:14Z,58
2025-08-20T16:39:24Z,58
2025-08-20T16:39:29Z,57
2025-08-20T16:39:34Z,57
2025-08-20T16:39:44Z,57
2025-08-20T16:39:59Z,56
2025-08-20T16:40:04Z,55
2025-08-20T16:40:09Z,55
2025-08-20T16:40:14Z,56
2025-08-20T16:40:24Z,57
2025-08-20T16:40:39Z,57
2025-08-20T16:40:49Z,58
2025-08-20T16:40:54Z,58
2025-08-20T16:41:04Z,57
2025-08-20T16:41:14Z,57
2025-08-20T16:41:29Z,58
2025-08-20T16:41:44Z,61
2025-08-20T16:41:49Z,65
2025-08-20T16:42:04Z,65
2025-08-20T16:42:09Z,64
2025-08-20T16:42:14Z,62
2025-08-20T16:42:19Z,60
2025-08-20T16:42:24Z,58
2025-08-20T16:42:29Z,57
2025-08-20T16:42:34Z,55
2025-08-20T16:42:39Z,55
2025-08-20T16:42:54Z,55
2025-08-20T16:43:09Z,56
2025-08-20T16:43:14Z,58
2025-08-20T16:43:19Z,59
2025-08-20T16:43:29Z,61
2025-08-20T16:43:44Z,60
2025-08-20T16:43:54Z,61
2025-08-20T16:44:09Z,61
2025-08-20T16:44:19Z,60
2025-08-20T16:44:24Z,57
2025-08-20T16:44:29Z,54
2025-08-20T16:44:39Z,55
2025-08-20T16:44:54Z,55
2025-08-20T16:44:59Z,55
2025-08-20T16:45:04Z,54
2025-08-20T16:45:09Z,53
2025-08-20T16:45:14Z,52
2025-08-20T16:45:19Z,53
2025-08-20T16:45:29Z,53
2025-08-20T16:45:34Z,54
2025-08-20T16:45:49Z,54
2025-08-20T16:46:04Z,54
2025-08-20T16:46:19Z,55
2025-08-20T16:46:24Z,54
2025-08-20T16:46:29Z,53
2025-08-20T16:46:44Z,54
2025-08-20T16:46:49Z,55
2025-08-20T16:46:54Z,55
2025-08-20T16:47:04Z,54
2025-08-20T16:47:09Z,53
2025-08-20T16:47:24Z,53
2025-08-20T16:47:29Z,53
2025-08-20T16:47:44Z,54
2025-08-20T16:47:49Z,58
2025-08-20T16:47:54Z,59
2025-08-20T16:47:59Z,58
2025-08-20T16:48:04Z,58
2025-08-20T16:48:14Z,57
2025-08-20T16:48:19Z,57
2025-08-20T16:48:24Z,58
2025-08-20T16:48:29Z,58
2025-08-20T16:48:44Z,58
2025-08-20T16:48:59Z,58
2025-08-20T16:49:14Z,59
2025-08-20T16:49:29Z,59
2025-08-20T16:49:44Z,59
2025-08-20T16:49:59Z,59
2025-08-20T16:50:14Z,59
2025-08-20T16:50:24Z,60
2025-08-20T16:50:29Z,61
2025-08-20T16:50:34Z,63
2025-08-20T16:50:39Z,65
2025-08-20T16:50:44Z,66
2025-08-20T16:50:59Z,70
2025-08-20T16:51:04Z,72
2025-08-20T16:51:14Z,73
2025-08-20T16:51:19Z,72
2025-08-20T16:51:24Z,67
2025-08-20T16:51:29Z,66
2025-08-20T16:51:34Z,63
2025-08-20T16:51:44Z,62
2025-08-20T16:51:49Z,59
2025-08-20T16:51:54Z,59
2025-08-20T16:51:59Z,59
2025-08-20T16:52:14Z,59
2025-08-20T16:52:24Z,60
2025-08-20T16:52:29Z,59
2025-08-20T16:52:34Z,56
2025-08-20T16:52:49Z,55
2025-08-20T16:52:54Z,54
2025-08-20T16:52:59Z,54
2025-08-20T16:53:04Z,53
2025-08-20T16:53:19Z,53
2025-08-20T16:53:24Z,54
2025-08-20T16:53:29Z,55
2025-08-20T16:53:44Z,56
2025-08-20T16:53:54Z,57
2025-08-20T16:53:59Z,60
2025-08-20T16:54:04Z,61
2025-08-20T16:54:09Z,60
2025-08-20T16:54:14Z,59
2025-08-20T16:54:19Z,58
2025-08-20T16:54:24Z,55
2025-08-20T16:54:39Z,55
2025-08-20T16:54:54Z,55
2025-08-20T16:55:04Z,56
2025-08-20T16:55:09Z,55
2025-08-20T16:55:14Z,56
2025-08-20T16:55:24Z,55
2025-08-20T16:55:29Z,56
2025-08-20T16:55:34Z,57
2025-08-20T16:55:39Z,57
2025-08-20T16:55:44Z,56
2025-08-20T16:55:59Z,55
2025-08-20T16:56:04Z,55
2025-08-20T16:56:19Z,55
2025-08-20T16:56:34Z,55
2025-08-20T16:56:49Z,55
2025-08-20T16:57:04Z,55
2025-08-20T16:57:09Z,57
2025-08-20T16:57:14Z,58
2025-08-20T16:57:19Z,59
2025-08-20T16:57:24Z,60
2025-08-20T16:57:29Z,60
2025-08-20T16:57:39Z,60
2025-08-20T16:57:49Z,61
2025-08-20T16:57:54Z,62
2025-08-20T16:57:59Z,61
2025-08-20T16:58:04Z,59
2025-08-20T16:58:09Z,57
2025-08-20T16:58:24Z,58
2025-08-20T16:58:29Z,59
2025-08-20T16:58:34Z,60
2025-08-20T16:58:39Z,57
2025-08-20T16:58:44Z,58
2025-08-20T16:58:49Z,59
2025-08-20T16:58:54Z,61
2025-08-20T16:58:59Z,63
2025-08-20T16:59:09Z,64
2025-08-20T16:59:14Z,65
2025-08-20T16:59:19Z,74
2025-08-20T16:59:24Z,82
2025-08-20T16:59:29Z,87
2025-08-20T16:59:34Z,95
2025-08-20T16:59:39Z,97
2025-08-20T16:59:44Z,96
2025-08-20T16:59:54Z,94
2025-08-20T16:59:59Z,91
2025-08-20T17:00:04Z,87
2025-08-20T17:00:09Z,83
2025-08-20T17:00:14Z,79
2025-08-20T17:00:19Z,76
2025-08-20T17:00:29Z,74
2025-08-20T17:00:34Z,61
2025-08-20T17:00:39Z,59
2025-08-20T17:00:49Z,58
2025-08-20T17:00:59Z,57
2025-08-20T17:01:09Z,56
2025-08-20T17:01:24Z,56
2025-08-20T17:01:29Z,56
2025-08-20T17:01:39Z,57
2025-08-20T17:01:44Z,59
2025-08-20T17:01:49Z,62
2025-08-20T17:01:54Z,60
2025-08-20T17:01:59Z,56
2025-08-20T17:02:09Z,54
2025-08-20T17:02:24Z,54
2025-08-20T17:02:39Z,56
2025-08-20T17:02:44Z,57
2025-08-20T17:02:49Z,59
2025-08-20T17:02:54Z,60
2025-08-20T17:02:59Z,62
2025-08-20T17:03:04Z,64
2025-08-20T17:03:09Z,66
2025-08-20T17:03:14Z,67
2025-08-20T17:03:19Z,68
2025-08-20T17:03:24Z,68
2025-08-20T17:03:29Z,69
2025-08-20T17:03:34Z,70
2025-08-20T17:03:39Z,72
2025-08-20T17:03:49Z,71
2025-08-20T17:03:54Z,70
2025-08-20T17:03:59Z,68
2025-08-20T17:04:04Z,67
2025-08-20T17:04:09Z,64
2025-08-20T17:04:14Z,62
2025-08-20T17:04:19Z,60
2025-08-20T17:04:29Z,59
2025-08-20T17:04:34Z,59
2025-08-20T17:04:39Z,58
2025-08-20T17:04:49Z,59
2025-08-20T17:04:54Z,59
2025-08-20T17:04:59Z,57
2025-08-20T17:05:14Z,57
2025-08-20T17:05:24Z,56
2025-08-20T17:05:34Z,56
2025-08-20T17:05:44Z,57
2025-08-20T17:05:49Z,57
2025-08-20T17:05:59Z,57
2025-08-20T17:06:09Z,56
2025-08-20T17:06:14Z,56
2025-08-20T17:06:24Z,57
2025-08-20T17:06:29Z,58
2025-08-20T17:06:34Z,57
2025-08-20T17:06:39Z,56
2025-08-20T17:06:54Z,58
2025-08-20T17:06:59Z,61
2025-08-20T17:07:14Z,62
2025-08-20T17:07:19Z,63
2025-08-20T17:07:24Z,61
2025-08-20T17:07:29Z,59
2025-08-20T17:07:34Z,60
2025-08-20T17:07:44Z,61
2025-08-20T17:07:54Z,60
2025-08-20T17:07:59Z,58
2025-08-20T17:08:04Z,57
2025-08-20T17:08:09Z,56
2025-08-20T17:08:24Z,56
2025-08-20T17:08:29Z,56
2025-08-20T17:08:34Z,58
2025-08-20T17:08:49Z,59
2025-08-20T17:08:54Z,60
2025-08-20T17:08:59Z,59
2025-08-20T17:09:04Z,59
2025-08-20T17:09:09Z,58
2025-08-20T17:09:14Z,59
2025-08-20T17:09:29Z,59
2025-08-20T17:09:39Z,58
2025-08-20T17:09:49Z,59
2025-08-20T17:09:59Z,60
2025-08-20T17:10:04Z,60
2025-08-20T17:10:09Z,59
2025-08-20T17:10:19Z,59
2025-08-20T17:10:29Z,60
2025-08-20T17:10:44Z,60
2025-08-20T17:10:59Z,60
2025-08-20T17:11:14Z,60
2025-08-20T17:11:24Z,61
2025-08-20T17:11:29Z,62
2025-08-20T17:11:34Z,63
2025-08-20T17:11:39Z,64
2025-08-20T17:11:54Z,65
2025-08-20T17:11:59Z,64
2025-08-20T17:12:04Z,63
2025-08-20T17:12:09Z,59
2025-08-20T17:12:14Z,59
2025-08-20T17:12:19Z,60
2025-08-20T17:12:24Z,61
2025-08-20T17:12:29Z,62
2025-08-20T17:12:34Z,64
2025-08-20T17:12:39Z,68
2025-08-20T17:12:44Z,74
2025-08-20T17:12:49Z,75
2025-08-20T17:12:59Z,72
2025-08-20T17:13:04Z,69
2025-08-20T17:13:09Z,67
2025-08-20T17:13:19Z,66
2025-08-20T17:13:24Z,63
2025-08-20T17:13:29Z,61
2025-08-20T17:13:34Z,60
2025-08-20T17:13:44Z,61
2025-08-20T17:13:49Z,62
2025-08-20T17:13:54Z,62
2025-08-20T17:13:59Z,63
2025-08-20T17:14:04Z,60
2025-08-20T17:14:09Z,59
2025-08-20T17:14:14Z,60
2025-08-20T17:14:19Z,61
2025-08-20T17:14:24Z,62
2025-08-20T17:14:29Z,63
2025-08-20T17:14:34Z,63
2025-08-20T17:14:39Z,62
2025-08-20T17:14:44Z,61
2025-08-20T17:14:49Z,59
2025-08-20T17:14:54Z,58
2025-08-20T17:14:59Z,58
2025-08-20T17:15:04Z,57
2025-08-20T17:15:09Z,57
2025-08-20T17:15:14Z,56
2025-08-20T17:15:24Z,57
2025-08-20T17:15:29Z,57
2025-08-20T17:15:34Z,56
2025-08-20T17:15:39Z,56
2025-08-20T17:15:49Z,57
2025-08-20T17:16:04Z,58
2025-08-20T17:16:09Z,57
2025-08-20T17:16:24Z,57
2025-08-20T17:16:34Z,58
2025-08-20T17:16:39Z,62
2025-08-20T17:16:44Z,65
2025-08-20T17:16:49Z,67
2025-08-20T17:16:59Z,68
2025-08-20T17:17:04Z,66
2025-08-20T17:17:09Z,65
2025-08-20T17:17:14Z,63
2025-08-20T17:17:19Z,63
2025-08-20T17:17:29Z,64
2025-08-20T17:17:39Z,65
2025-08-20T17:17:54Z,65
2025-08-20T17:17:59Z,61
2025-08-20T17:18:04Z,59
2025-08-20T17:18:09Z,58
2025-08-20T17:18:24Z,57
2025-08-20T17:18:39Z,57
2025-08-20T17:18:54Z,58
2025-08-20T17:18:59Z,57
2025-08-20T17:19:14Z,57
2025-08-20T17:19:19Z,59
2025-08-20T17:19:24Z,58
2025-08-20T17:19:29Z,57
2025-08-20T17:19:39Z,57
2025-08-20T17:19:54Z,57
2025-08-20T17:20:04Z,56
2025-08-20T17:20:09Z,55
2025-08-20T17:20:19Z,55
2025-08-20T17:20:34Z,55
2025-08-20T17:20:49Z,55
2025-08-20T17:20:54Z,54
2025-08-20T17:20:59Z,54
2025-08-20T17:21:04Z,55
2025-08-20T17:21:09Z,56
2025-08-20T17:21:14Z,57
2025-08-20T17:21:19Z,58
2025-08-20T17:21:29Z,57
2025-08-20T17:21:44Z,57
2025-08-20T17:21:59Z,57
2025-08-20T17:22:04Z,57
2025-08-20T17:22:09Z,58
2025-08-20T17:22:19Z,58
2025-08-20T17:22:29Z,58
2025-08-20T17:22:34Z,57
2025-08-20T17:22:39Z,57
2025-08-20T17:22:49Z,58
2025-08-20T17:22:59Z,58
2025-08-20T17:23:04Z,57
2025-08-20T17:23:09Z,57
2025-08-20T17:23:24Z,58
2025-08-20T17:23:29Z,59
2025-08-20T17:23:44Z,59
2025-08-20T17:23:49Z,58
2025-08-20T17:23:54Z,57
2025-08-20T17:24:04Z,57
2025-08-20T17:24:14Z,56
2025-08-20T17:24:29Z,56
2025-08-20T17:24:34Z,56
2025-08-20T17:24:39Z,57
2025-08-20T17:24:49Z,58
2025-08-20T17:25:04Z,58
2025-08-20T17:25:14Z,59
2025-08-20T17:25:19Z,64
2025-08-20T17:25:24Z,66
2025-08-20T17:25:29Z,65
2025-08-20T17:25:34Z,63
2025-08-20T17:25:39Z,60
2025-08-20T17:25:54Z,59
2025-08-20T17:25:59Z,59
2025-08-20T17:26:04Z,60
2025-08-20T17:26:09Z,60
2025-08-20T17:26:14Z,60
2025-08-20T17:26:29Z,60
2025-08-20T17:26:39Z,61
2025-08-20T17:26:44Z,65
2025-08-20T17:26:49Z,64
2025-08-20T17:26:54Z,63
2025-08-20T17:26:59Z,61
2025-08-20T17:27:04Z,60
2025-08-20T17:27:09Z,59
2025-08-20T17:27:14Z,58
2025-08-20T17:27:29Z,59
2025-08-20T17:27:34Z,60
2025-08-20T17:27:39Z,61
2025-08-20T17:27:54Z,61
2025-08-20T17:27:59Z,61
2025-08-20T17:28:04Z,60
2025-08-20T17:28:09Z,59
2025-08-20T17:28:14Z,59
2025-08-20T17:28:19Z,58
2025-08-20T17:28:24Z,57
2025-08-20T17:28:34Z,56
2025-08-20T17:28:44Z,57
2025-08-20T17:28:49Z,59
2025-08-20T17:29:04Z,63
2025-08-20T17:29:14Z,62
2025-08-20T17:29:19Z,60
2025-08-20T17:29:24Z,59
2025-08-20T17:29:39Z,60
2025-08-20T17:29:44Z,63
2025-08-20T17:29:49Z,64
2025-08-20T17:29:54Z,62
2025-08-20T17:29:59Z,59
2025-08-20T17:30:14Z,59
2025-08-20T17:30:24Z,61
2025-08-20T17:30:39Z,60
2025-08-20T17:30:54Z,60
2025-08-20T17:31:04Z,59
2025-08-20T17:31:09Z,59
2025-08-20T17:31:24Z,59
2025-08-20T17:31:39Z,59
2025-08-20T17:31:54Z,61
2025-08-20T17:32:09Z,62
2025-08-20T17:32:19Z,61
2025-08-20T17:32:24Z,60
2025-08-20T17:32:29Z,58
2025-08-20T17:32:44Z,58
2025-08-20T17:32:54Z,59
2025-08-20T17:32:59Z,58
2025-08-20T17:33:04Z,58
2025-08-20T17:33:09Z,58
2025-08-20T17:33:24Z,58
2025-08-20T17:33:29Z,60
2025-08-20T17:33:39Z,61
2025-08-20T17:33:44Z,62
2025-08-20T17:33:49Z,62
2025-08-20T17:34:04Z,61
2025-08-20T17:34:19Z,61
2025-08-20T17:34:29Z,64
2025-08-20T17:34:34Z,65
2025-08-20T17:34:49Z,65
2025-08-20T17:34:54Z,66
2025-08-20T17:35:09Z,65
2025-08-20T17:35:19Z,64
2025-08-20T17:35:24Z,63
2025-08-20T17:35:29Z,61
2025-08-20T17:35:44Z,61
2025-08-20T17:35:54Z,62
2025-08-20T17:36:09Z,63
2025-08-20T17:36:19Z,62
2025-08-20T17:36:24Z,61
2025-08-20T17:36:29Z,60
2025-08-20T17:36:34Z,60
2025-08-20T17:36:44Z,61
2025-08-20T17:36:59Z,61
2025-08-20T17:37:14Z,62
2025-08-20T17:37:19Z,65
2025-08-20T17:37:24Z,66
2025-08-20T17:37:39Z,64
2025-08-20T17:37:44Z,62
2025-08-20T17:37:54Z,62
2025-08-20T17:38:09Z,62
2025-08-20T17:38:19Z,63
2025-08-20T17:38:29Z,62
2025-08-20T17:38:34Z,62
2025-08-20T17:38:39Z,62
2025-08-20T17:38:54Z,63
2025-08-20T17:38:59Z,64
2025-08-20T17:39:04Z,62
2025-08-20T17:39:09Z,61
2025-08-20T17:39:14Z,60
2025-08-20T17:39:24Z,61
2025-08-20T17:39:29Z,62
2025-08-20T17:39:44Z,63
2025-08-20T17:39:59Z,67
2025-08-20T17:40:04Z,68
2025-08-20T17:40:19Z,66
2025-08-20T17:40:24Z,64
2025-08-20T17:40:29Z,61
2025-08-20T17:40:34Z,61
2025-08-20T17:40:39Z,59
2025-08-20T17:40:44Z,57
2025-08-20T17:40:54Z,56
2025-08-20T17:40:59Z,56
2025-08-20T17:41:04Z,56
2025-08-20T17:41:19Z,56
2025-08-20T17:41:34Z,56
2025-08-20T17:41:39Z,57
2025-08-20T17:41:44Z,57
2025-08-20T17:41:49Z,58
2025-08-20T17:41:54Z,58
2025-08-20T17:42:04Z,59
2025-08-20T17:42:09Z,60
2025-08-20T17:42:14Z,59
2025-08-20T17:42:29Z,60
2025-08-20T17:42:39Z,59
2025-08-20T17:42:44Z,59
2025-08-20T17:42:49Z,58
2025-08-20T17:42:54Z,58
2025-08-20T17:42:59Z,59
2025-08-20T17:43:14Z,59
2025-08-20T17:43:24Z,60
2025-08-20T17:43:29Z,61
2025-08-20T17:43:44Z,61
2025-08-20T17:43:49Z,61
2025-08-20T17:43:54Z,60
2025-08-20T17:43:59Z,59
2025-08-20T17:44:04Z,59
2025-08-20T17:44:09Z,59
2025-08-20T17:44:14Z,58
2025-08-20T17:44:19Z,59
2025-08-20T17:44:24Z,59
2025-08-20T17:44:34Z,60
2025-08-20T17:44:44Z,60
2025-08-20T17:44:49Z,60
2025-08-20T17:44:54Z,60
2025-08-20T17:44:59Z,61
2025-08-20T17:45:14Z,61
2025-08-20T17:45:29Z,61
2025-08-20T17:45:44Z,61
2025-08-20T17:45:49Z,60
2025-08-20T17:46:04Z,60
2025-08-20T17:46:09Z,61
2025-08-20T17:46:14Z,62
2025-08-20T17:46:19Z,64
2025-08-20T17:46:24Z,65
2025-08-20T17:46:29Z,64
2025-08-20T17:46:34Z,63
2025-08-20T17:46:44Z,62
2025-08-20T17:46:49Z,60
2025-08-20T17:46:54Z,61
2025-08-20T17:47:04Z,61
2025-08-20T17:47:14Z,60
2025-08-20T17:47:19Z,59
2025-08-20T17:47:24Z,58
2025-08-20T17:47:29Z,58
2025-08-20T17:47:34Z,59
2025-08-20T17:47:39Z,58
2025-08-20T17:47:44Z,58
2025-08-20T17:47:49Z,59
2025-08-20T17:48:04Z,59
2025-08-20T17:48:09Z,59
2025-08-20T17:48:19Z,60
2025-08-20T17:48:24Z,60
2025-08-20T17:48:34Z,59
2025-08-20T17:48:49Z,59
2025-08-20T17:49:04Z,59
2025-08-20T17:49:19Z,59
2025-08-20T17:49:34Z,59
2025-08-20T17:49:49Z,59
2025-08-20T17:50:04Z,59
2025-08-20T17:50:09Z,59
2025-08-20T17:50:19Z,61
2025-08-20T17:50:24Z,61
2025-08-20T17:50:39Z,61
2025-08-20T17:50:54Z,60
2025-08-20T17:50:59Z,59
2025-08-20T17:51:14Z,59
2025-08-20T17:51:19Z,60
2025-08-20T17:51:24Z,59
2025-08-20T17:51:29Z,59
2025-08-20T17:51:39Z,60
2025-08-20T17:51:44Z,59
2025-08-20T17:51:59Z,58
2025-08-20T17:52:04Z,58
2025-08-20T17:52:09Z,58
2025-08-20T17:52:24Z,58
2025-08-20T17:52:34Z,57
2025-08-20T17:52:39Z,56
2025-08-20T17:52:49Z,57
2025-08-20T17:52:54Z,59
2025-08-20T17:53:04Z,60
2025-08-20T17:53:19Z,60
2025-08-20T17:53:24Z,62
2025-08-20T17:53:34Z,62
2025-08-20T17:53:39Z,62
2025-08-20T17:53:54Z,62
2025-08-20T17:53:59Z,61
2025-08-20T17:54:04Z,60
2025-08-20T17:54:09Z,59
2025-08-20T17:54:19Z,60
2025-08-20T17:54:24Z,60
2025-08-20T17:54:39Z,62
2025-08-20T17:54:44Z,62
2025-08-20T17:54:59Z,62
2025-08-20T17:55:04Z,63
2025-08-20T17:55:14Z,63
2025-08-20T17:55:29Z,66
2025-08-20T17:55:34Z,68
2025-08-20T17:55:49Z,68
2025-08-20T17:55:54Z,69
2025-08-20T17:55:59Z,69
2025-08-20T17:56:04Z,69
2025-08-20T17:56:09Z,69
2025-08-20T17:56:14Z,68
2025-08-20T17:56:29Z,68
2025-08-20T17:56:44Z,68
2025-08-20T17:56:54Z,69
2025-08-20T17:57:04Z,68
2025-08-20T17:57:09Z,65
2025-08-20T17:57:14Z,64
2025-08-20T17:57:24Z,63
2025-08-20T17:57:29Z,62
2025-08-20T17:57:44Z,62
2025-08-20T17:57:59Z,62
2025-08-20T17:58:14Z,62
2025-08-20T17:58:29Z,62
2025-08-20T17:58:44Z,62
2025-08-20T17:58:54Z,63
2025-08-20T17:59:04Z,64
2025-08-20T17:59:09Z,63
2025-08-20T17:59:14Z,62
2025-08-20T17:59:19Z,60
2025-08-20T17:59:29Z,59
2025-08-20T17:59:44Z,59
2025-08-20T17:59:49Z,61
2025-08-20T17:59:54Z,62
2025-08-20T17:59:59Z,61
2025-08-20T18:00:09Z,60
2025-08-20T18:00:14Z,60
2025-08-20T18:00:29Z,60
2025-08-20T18:00:39Z,62
2025-08-20T18:00:44Z,63
2025-08-20T18:00:49Z,64
2025-08-20T18:00:54Z,67
2025-08-20T18:01:09Z,67
2025-08-20T18:01:14Z,62
2025-08-20T18:01:29Z,62
2025-08-20T18:01:34Z,63
2025-08-20T18:01:39Z,63
2025-08-20T18:01:54Z,63
2025-08-20T18:01:59Z,64
2025-08-20T18:02:14Z,64
2025-08-20T18:02:19Z,65
2025-08-20T18:02:24Z,66
2025-08-20T18:02:39Z,67
2025-08-20T18:02:49Z,68
2025-08-20T18:02:54Z,67
2025-08-20T18:02:59Z,68
2025-08-20T18:03:04Z,69
2025-08-20T18:03:09Z,70
2025-08-20T18:03:19Z,71
2025-08-20T18:03:34Z,70
2025-08-20T18:03:49Z,70
2025-08-20T18:03:59Z,69
2025-08-20T18:04:09Z,66
2025-08-20T18:04:14Z,65
2025-08-20T18:04:29Z,65
2025-08-20T18:04:44Z,65
2025-08-20T18:04:49Z,67
2025-08-20T18:04:54Z,66
2025-08-20T18:04:59Z,65
2025-08-20T18:05:14Z,66
2025-08-20T18:05:29Z,68
2025-08-20T18:05:34Z,69
2025-08-20T18:05:39Z,70
2025-08-20T18:05:44Z,71
2025-08-20T18:05:59Z,71
2025-08-20T18:06:09Z,72
2025-08-20T18:06:19Z,71
2025-08-20T18:06:24Z,72
2025-08-20T18:06:39Z,72
2025-08-20T18:06:49Z,71
2025-08-20T18:06:59Z,70
2025-08-20T18:07:09Z,71
2025-08-20T18:07:24Z,71
2025-08-20T18:07:29Z,70
2025-08-20T18:07:34Z,71
2025-08-20T18:07:49Z,71
2025-08-20T18:07:54Z,74
2025-08-20T18:07:59Z,75
2025-08-20T18:08:09Z,74
2025-08-20T18:08:14Z,73
2025-08-20T18:08:19Z,72
2025-08-20T18:08:34Z,72
2025-08-20T18:08:49Z,72
2025-08-20T18:09:04Z,72
2025-08-20T18:09:09Z,73
2025-08-20T18:09:24Z,74
2025-08-20T18:09:29Z,75
2025-08-20T18:09:34Z,75
2025-08-20T18:09:49Z,74
2025-08-20T18:09:59Z,75
2025-08-20T18:10:04Z,73
2025-08-20T18:10:19Z,73
2025-08-20T18:10:29Z,74
2025-08-20T18:10:34Z,75
2025-08-20T18:10:39Z,76
2025-08-20T18:10:54Z,76
2025-08-20T18:11:04Z,75
2025-08-20T18:11:09Z,76
2025-08-20T18:11:19Z,77
2025-08-20T18:11:29Z,75
2025-08-20T18:11:44Z,74
2025-08-20T18:11:54Z,75
2025-08-20T18:11:59Z,74
2025-08-20T18:12:04Z,73
2025-08-20T18:12:19Z,73
2025-08-20T18:12:29Z,74
2025-08-20T18:12:34Z,73
2025-08-20T18:12:39Z,72
2025-08-20T18:12:54Z,73
2025-08-20T18:13:04Z,72
2025-08-20T18:13:09Z,71
2025-08-20T18:13:14Z,70
2025-08-20T18:13:29Z,70
2025-08-20T18:13:39Z,71
2025-08-20T18:13:44Z,73
2025-08-20T18:13:49Z,72
2025-08-20T18:13:59Z,73
2025-08-20T18:14:04Z,74
2025-08-20T18:14:09Z,75
2025-08-20T18:14:14Z,74
2025-08-20T18:14:19Z,73
2025-08-20T18:14:24Z,74
2025-08-20T18:14:39Z,74
2025-08-20T18:14:44Z,76
2025-08-20T18:14:49Z,77
2025-08-20T18:14:54Z,76
2025-08-20T18:15:09Z,76
2025-08-20T18:15:19Z,77
2025-08-20T18:15:34Z,78
2025-08-20T18:15:49Z,78
2025-08-20T18:15:59Z,77
2025-08-20T18:16:14Z,77
2025-08-20T18:16:19Z,78
2025-08-20T18:16:24Z,79
2025-08-20T18:16:29Z,79
2025-08-20T18:16:44Z,79
2025-08-20T18:16:49Z,78
2025-08-20T18:16:54Z,77
2025-08-20T18:17:09Z,78
2025-08-20T18:17:14Z,77
2025-08-20T18:17:29Z,77
2025-08-20T18:17:39Z,78
2025-08-20T18:17:44Z,79
2025-08-20T18:17:59Z,80
2025-08-20T18:18:09Z,81
2025-08-20T18:18:19Z,78
2025-08-20T18:18:24Z,77
2025-08-20T18:18:29Z,75
2025-08-20T18:18:44Z,76
2025-08-20T18:18:49Z,78
2025-08-20T18:18:54Z,79
2025-08-20T18:18:59Z,71
2025-08-20T18:19:04Z,68
2025-08-20T18:19:14Z,68
2025-08-20T18:19:19Z,68
2025-08-20T18:19:34Z,68
2025-08-20T18:19:39Z,67
2025-08-20T18:19:44Z,66
2025-08-20T18:19:59Z,66
2025-08-20T18:20:14Z,66
2025-08-20T18:20:19Z,67
2025-08-20T18:20:24Z,66
2025-08-20T18:20:34Z,67
2025-08-20T18:20:44Z,68
2025-08-20T18:20:49Z,67
2025-08-20T18:20:54Z,66
2025-08-20T18:20:59Z,65
2025-08-20T18:21:14Z,65
2025-08-20T18:21:29Z,66
2025-08-20T18:21:34Z,65
2025-08-20T18:21:39Z,64
2025-08-20T18:21:54Z,64
2025-08-20T18:22:09Z,64
2025-08-20T18:22:14Z,64
2025-08-20T18:22:19Z,65
2025-08-20T18:22:24Z,66
2025-08-20T18:22:29Z,67
2025-08-20T18:22:39Z,68
2025-08-20T18:22:44Z,69
2025-08-20T18:22:59Z,70
2025-08-20T18:23:04Z,71
2025-08-20T18:23:14Z,70
2025-08-20T18:23:19Z,68
2025-08-20T18:23:24Z,67
2025-08-20T18:23:34Z,66
2025-08-20T18:23:44Z,67
2025-08-20T18:23:49Z,67
2025-08-20T18:23:54Z,66
2025-08-20T18:23:59Z,65
2025-08-20T18:24:14Z,63
2025-08-20T18:24:19Z,62
2025-08-20T18:24:24Z,60
2025-08-20T18:24:29Z,60
2025-08-20T18:24:39Z,61
2025-08-20T18:24:44Z,62
2025-08-20T18:24:59Z,62
2025-08-20T18:25:09Z,64
2025-08-20T18:25:24Z,63
2025-08-20T18:25:39Z,63
2025-08-20T18:25:44Z,66
2025-08-20T18:25:49Z,68
2025-08-20T18:25:54Z,68
2025-08-20T18:25:59Z,67
2025-08-20T18:26:09Z,67
2025-08-20T18:26:24Z,67
2025-08-20T18:26:39Z,67
2025-08-20T18:26:44Z,68
2025-08-20T18:26:49Z,70
2025-08-20T18:26:59Z,71
2025-08-20T18:27:04Z,73
2025-08-20T18:27:14Z,72
2025-08-20T18:27:19Z,71
2025-08-20T18:27:24Z,70
2025-08-20T18:27:39Z,70
2025-08-20T18:27:44Z,69
2025-08-20T18:27:49Z,69
2025-08-20T18:27:54Z,70
2025-08-20T18:28:09Z,69
2025-08-20T18:28:19Z,69
2025-08-20T18:28:24Z,68
2025-08-20T18:28:29Z,67
2025-08-20T18:28:39Z,69
2025-08-20T18:28:44Z,71
2025-08-20T18:28:49Z,70
2025-08-20T18:28:54Z,69
2025-08-20T18:28:59Z,68
2025-08-20T18:29:09Z,67
2025-08-20T18:29:14Z,66
