arduino_ms,PPG_HR,PPG_O2,PPG_Conf,PPG_Status,MPU_AccelX,MPU_AccelY,MPU_AccelZ,MPU_GyroX,MPU_GyroY,MPU_GyroZ,MPU_Temp,MPU_VelX,MPU_VelY,MPU_VelZ,py_timestamp,real_time
12340.0,88.0,88.0,99.0,3.0,-4.83,5.18,7.09,-0.03,0.02,0.01,21.66,-22.72,24.71,33.34,1755699979.378839,15:26:19
12361.0,88.0,88.0,99.0,3.0,-4.81,5.16,7.06,-0.02,0.0,0.01,21.65,-22.83,24.81,33.49,1755699979.4294598,15:26:19
12382.0,88.0,88.0,99.0,3.0,-4.77,5.16,7.03,-0.03,0.02,0.01,21.64,-22.93,24.92,33.64,1755699979.481387,15:26:19
12403.0,88.0,88.0,99.0,3.0,-4.75,5.16,7.03,-0.03,0.01,0.0,21.66,-23.03,25.03,33.79,1755699979.627579,15:26:19
12425.0,88.0,88.0,99.0,3.0,-4.77,5.16,7.04,-0.02,0.01,0.0,21.65,-23.13,25.14,33.94,1755699979.7282493,15:26:19
12447.0,88.0,88.0,99.0,3.0,-4.79,5.2,7.07,-0.03,0.01,-0.0,21.65,-23.24,25.26,34.1,1755699979.8328588,15:26:19
12468.0,88.0,88.0,99.0,3.0,-4.8,5.2,7.09,-0.03,0.01,0.0,21.64,-23.34,25.37,34.25,1755699979.934446,15:26:19
12489.0,88.0,88.0,99.0,3.0,-4.82,5.18,7.13,-0.02,0.01,0.01,21.65,-23.44,25.48,34.4,1755699980.0372515,15:26:20
12510.0,88.0,88.0,99.0,3.0,-4.8,5.16,7.06,-0.02,0.0,0.01,21.65,-23.54,25.58,34.54,1755699980.0912437,15:26:20
12531.0,88.0,88.0,99.0,3.0,-4.76,5.16,7.03,-0.03,0.02,0.01,21.64,-23.64,25.69,34.69,1755699980.144856,15:26:20
12554.0,88.0,88.0,99.0,3.0,-4.79,5.18,7.08,-0.02,0.01,0.01,21.65,-23.75,25.81,34.86,1755699980.2398899,15:26:20
12575.0,88.0,88.0,99.0,3.0,-4.78,5.2,7.06,-0.01,-0.0,0.0,21.64,-23.85,25.92,35.0,1755699980.3492131,15:26:20
12596.0,88.0,88.0,99.0,3.0,-4.77,5.17,7.03,-0.02,-0.0,0.0,21.64,-23.95,26.03,35.15,1755699980.4457111,15:26:20
12618.0,88.0,88.0,99.0,3.0,-4.78,5.14,7.05,-0.03,0.02,0.0,21.65,-24.06,26.14,35.31,1755699980.5452812,15:26:20
12640.0,88.0,88.0,99.0,3.0,-4.8,5.18,7.06,-0.02,0.0,0.0,21.66,-24.16,26.26,35.46,1755699980.6513512,15:26:20
12661.0,88.0,88.0,99.0,3.0,-4.83,5.2,7.08,-0.03,0.01,0.01,21.65,-24.26,26.37,35.61,1755699980.7532253,15:26:20
12682.0,88.0,88.0,99.0,3.0,-4.8,5.16,7.11,-0.03,0.01,0.01,21.66,-24.36,26.47,35.76,1755699980.865894,15:26:20
12703.0,88.0,88.0,99.0,3.0,-4.78,5.13,7.04,-0.03,0.01,0.0,21.67,-24.46,26.58,35.91,1755699980.9609878,15:26:20
12724.0,88.0,88.0,99.0,3.0,-4.75,5.16,7.03,-0.03,0.02,0.01,21.66,-24.56,26.69,36.06,1755699981.0192993,15:26:21
12745.0,88.0,88.0,99.0,3.0,-4.75,5.17,7.09,-0.03,0.01,0.0,21.67,-24.66,26.8,36.2,1755699981.161781,15:26:21
12767.0,88.0,88.0,99.0,3.0,-4.82,5.18,7.09,-0.02,-0.0,0.0,21.66,-24.77,26.91,36.36,1755699981.2483838,15:26:21
12788.0,88.0,88.0,99.0,3.0,-4.83,5.17,7.1,-0.02,-0.01,0.01,21.66,-24.87,27.02,36.51,1755699981.4211125,15:26:21
12810.0,88.0,88.0,99.0,3.0,-4.77,5.18,7.03,-0.03,0.01,0.01,21.66,-24.98,27.14,36.66,1755699981.618038,15:26:21
12831.0,88.0,88.0,99.0,3.0,-4.78,5.17,7.04,-0.03,0.02,0.01,21.65,-25.08,27.24,36.81,1755699981.8207698,15:26:21
12852.0,88.0,88.0,99.0,3.0,-4.82,5.16,7.05,-0.02,0.01,0.01,21.65,-25.18,27.35,36.96,1755699982.008092,15:26:22
12873.0,88.0,88.0,99.0,3.0,-4.81,5.17,7.07,-0.02,0.0,0.01,21.65,-25.28,27.46,37.11,1755699982.086144,15:26:22
12894.0,88.0,88.0,99.0,3.0,-4.78,5.16,7.03,-0.03,0.02,0.01,21.63,-25.38,27.57,37.26,1755699982.1394844,15:26:22
12915.0,88.0,88.0,99.0,3.0,-4.75,5.17,7.06,-0.03,0.02,-0.0,21.65,-25.48,27.68,37.4,1755699982.1903222,15:26:22
12937.0,88.0,88.0,99.0,3.0,-4.79,5.18,7.12,-0.03,0.01,-0.0,21.64,-25.58,27.79,37.56,1755699982.2472908,15:26:22
12959.0,88.0,88.0,99.0,3.0,-4.79,5.2,7.13,-0.02,-0.01,-0.0,21.65,-25.69,27.91,37.72,1755699982.392202,15:26:22
12980.0,88.0,88.0,99.0,3.0,-4.81,5.2,7.08,-0.02,-0.0,0.0,21.64,-25.79,28.01,37.87,1755699982.497244,15:26:22
13001.0,88.0,88.0,99.0,3.0,-4.82,5.15,7.0,-0.03,0.01,0.0,21.67,-25.89,28.12,38.01,1755699982.550979,15:26:22
13022.0,88.0,88.0,99.0,3.0,-4.84,5.14,7.02,-0.03,0.02,0.01,21.65,-25.99,28.23,38.16,1755699982.729833,15:26:22
13043.0,88.0,89.0,99.0,3.0,-4.75,5.15,7.08,-0.04,0.03,0.0,21.65,-26.09,28.34,38.31,1755699982.7852602,15:26:22
13066.0,88.0,89.0,99.0,3.0,-4.76,5.18,7.05,-0.03,0.02,0.0,21.64,-26.2,28.46,38.47,1755699982.834965,15:26:22
13087.0,88.0,89.0,99.0,3.0,-4.77,5.19,7.06,-0.03,0.01,-0.01,21.65,-26.3,28.57,38.62,1755699982.8967805,15:26:22
13108.0,88.0,89.0,99.0,3.0,-4.8,5.19,7.13,-0.03,0.01,0.0,21.66,-26.4,28.68,38.77,1755699982.960688,15:26:22
13130.0,88.0,89.0,99.0,3.0,-4.79,5.15,7.1,-0.03,0.02,-0.0,21.65,-26.51,28.79,38.93,1755699983.1078444,15:26:23
13152.0,88.0,89.0,99.0,3.0,-4.79,5.17,7.06,-0.03,0.02,-0.0,21.66,-26.61,28.9,39.08,1755699983.1593394,15:26:23
13174.0,88.0,89.0,99.0,3.0,-4.79,5.17,7.08,-0.03,0.0,-0.0,21.64,-26.72,29.02,39.24,1755699983.210359,15:26:23
13195.0,88.0,89.0,99.0,3.0,-4.82,5.15,7.08,-0.02,-0.0,-0.0,21.65,-26.82,29.13,39.39,1755699983.2580829,15:26:23
13216.0,88.0,89.0,99.0,3.0,-4.82,5.16,7.1,-0.03,0.01,-0.0,21.67,-26.92,29.23,39.53,1755699983.312709,15:26:23
13238.0,88.0,89.0,99.0,3.0,-4.79,5.13,7.1,-0.02,0.01,-0.0,21.66,-27.03,29.35,39.69,1755699983.3610282,15:26:23
13259.0,88.0,89.0,99.0,3.0,-4.77,5.12,7.07,-0.02,0.0,-0.0,21.64,-27.13,29.45,39.84,1755699983.5252628,15:26:23
13280.0,88.0,89.0,99.0,3.0,-4.77,5.15,7.07,-0.02,0.01,-0.01,21.67,-27.23,29.56,39.99,1755699983.579801,15:26:23
13301.0,88.0,89.0,99.0,3.0,-4.79,5.16,7.08,-0.02,0.0,-0.01,21.65,-27.33,29.67,40.14,1755699983.6318653,15:26:23
13322.0,88.0,89.0,99.0,3.0,-4.92,5.22,7.13,-0.04,0.03,-0.02,21.66,-27.43,29.78,40.29,1755699983.6846359,15:26:23
13343.0,88.0,89.0,99.0,3.0,-4.91,5.19,7.19,-0.04,0.03,-0.02,21.64,-27.53,29.89,40.44,1755699983.8251863,15:26:23
13365.0,88.0,89.0,99.0,3.0,-4.71,5.13,7.12,-0.05,0.03,-0.03,21.64,-27.64,30.0,40.59,1755699983.9263468,15:26:23
13386.0,88.0,89.0,99.0,3.0,-4.7,5.2,7.01,-0.06,0.01,-0.03,21.65,-27.74,30.11,40.74,1755699984.0281878,15:26:24
13407.0,88.0,89.0,99.0,3.0,-4.81,5.11,6.9,-0.06,-0.01,-0.02,21.66,-27.84,30.22,40.89,1755699984.0855582,15:26:24
13428.0,88.0,89.0,99.0,3.0,-4.96,5.04,6.96,-0.08,0.01,-0.03,21.67,-27.94,30.33,41.03,1755699984.2360091,15:26:24
13449.0,88.0,89.0,99.0,3.0,-4.91,5.08,6.97,-0.06,-0.02,-0.03,21.67,-28.04,30.43,41.18,1755699984.3419676,15:26:24
13471.0,88.0,89.0,99.0,3.0,-4.81,5.11,6.95,-0.09,0.07,-0.03,21.66,-28.15,30.54,41.33,1755699985.741083,15:26:25
13492.0,88.0,89.0,99.0,3.0,-4.9,5.12,7.13,-0.13,0.12,-0.03,21.65,-28.25,30.65,41.48,1755699985.7412045,15:26:25
13513.0,88.0,89.0,99.0,3.0,-4.84,5.05,7.13,-0.08,0.02,-0.02,21.65,-28.35,30.76,41.63,1755699985.7994454,15:26:25
13534.0,88.0,89.0,99.0,3.0,-4.82,5.06,7.06,-0.1,0.04,-0.02,21.66,-28.46,30.86,41.78,1755699985.7995286,15:26:25
13555.0,88.0,89.0,99.0,3.0,-4.91,5.06,7.23,-0.12,0.09,-0.02,21.65,-28.56,30.97,41.93,1755699986.0406966,15:26:26
13577.0,88.0,89.0,99.0,3.0,-4.92,5.04,7.22,-0.09,0.04,-0.02,21.66,-28.67,31.08,42.09,1755699986.3933403,15:26:26
13598.0,88.0,89.0,99.0,3.0,-4.83,5.09,7.09,-0.06,0.04,-0.02,21.65,-28.77,31.19,42.24,1755699986.393475,15:26:26
13619.0,88.0,89.0,99.0,3.0,-4.91,4.98,7.12,-0.06,0.07,0.04,21.63,-28.87,31.29,42.39,1755699986.6012774,15:26:26
13640.0,88.0,89.0,99.0,3.0,-5.04,4.96,7.23,-0.09,0.06,-0.01,21.64,-28.98,31.4,42.54,1755699986.6927464,15:26:26
13661.0,88.0,89.0,99.0,3.0,-5.12,5.11,7.33,-0.11,0.03,-0.06,21.65,-29.08,31.5,42.69,1755699986.7412753,15:26:26
13683.0,88.0,89.0,99.0,3.0,-5.22,5.26,7.54,-0.18,0.1,-0.08,21.66,-29.2,31.62,42.85,1755699986.9108212,15:26:26
13704.0,89.0,89.0,99.0,3.0,-5.34,5.3,7.68,-0.25,0.13,-0.08,21.67,-29.31,31.73,43.01,1755699986.9961338,15:26:26
13725.0,89.0,89.0,99.0,3.0,-5.4,5.15,7.86,-0.31,0.15,-0.14,21.66,-29.42,31.84,43.18,1755699987.053166,15:26:27
13746.0,89.0,89.0,99.0,3.0,-5.29,5.2,7.98,-0.42,0.05,-0.23,21.65,-29.53,31.95,43.34,1755699987.204004,15:26:27
13767.0,89.0,89.0,99.0,3.0,-5.15,4.86,7.78,-0.46,-0.25,-0.24,21.63,-29.64,32.05,43.51,1755699987.2621338,15:26:27
13789.0,89.0,89.0,99.0,3.0,-4.67,4.7,7.27,-0.37,-0.43,-0.09,21.66,-29.75,32.16,43.67,1755699987.323404,15:26:27
13810.0,89.0,89.0,99.0,3.0,-4.45,4.54,7.08,-0.41,-0.19,-0.09,21.66,-29.85,32.26,43.82,1755699987.409287,15:26:27
13832.0,89.0,89.0,99.0,3.0,-4.54,4.61,7.32,-0.49,0.11,-0.14,21.67,-29.94,32.36,43.98,1755699987.6937797,15:26:27
13854.0,89.0,89.0,99.0,3.0,-5.04,4.53,7.67,-0.5,0.22,-0.05,21.66,-30.05,32.46,44.15,1755699987.8623095,15:26:27
13876.0,89.0,89.0,99.0,3.0,-5.22,4.41,7.46,-0.47,0.0,-0.05,21.67,-30.16,32.55,44.31,1755699988.0252502,15:26:28
13898.0,89.0,89.0,99.0,3.0,-5.12,4.34,6.94,-0.42,-0.23,-0.09,21.67,-30.28,32.65,44.47,1755699988.1253638,15:26:28
13919.0,89.0,89.0,99.0,3.0,-4.52,4.3,6.69,-0.36,-0.09,-0.13,21.66,-30.38,32.74,44.62,1755699988.368227,15:26:28
13940.0,89.0,89.0,99.0,3.0,-5.03,4.47,6.93,-0.48,0.28,-0.18,21.65,-30.48,32.83,44.76,1755699988.54867,15:26:28
13962.0,89.0,89.0,99.0,3.0,-5.11,4.25,7.22,-0.38,0.22,-0.13,21.66,-30.59,32.93,44.91,1755699988.5487723,15:26:28
13983.0,89.0,89.0,99.0,3.0,-5.19,4.32,7.28,-0.39,0.07,-0.16,21.67,-30.7,33.02,45.07,1755699988.6086025,15:26:28
14004.0,89.0,89.0,99.0,3.0,-5.16,4.33,7.58,-0.33,0.06,-0.13,21.66,-30.81,33.11,45.22,1755699988.6752543,15:26:28
14025.0,89.0,89.0,99.0,3.0,-5.16,4.3,7.47,-0.34,0.12,-0.2,21.66,-30.91,33.2,45.38,1755699988.730987,15:26:28
14046.0,89.0,89.0,99.0,3.0,-5.12,4.24,7.74,-0.43,0.3,-0.17,21.65,-31.02,33.29,45.54,1755699988.7914438,15:26:28
14067.0,89.0,89.0,99.0,3.0,-5.21,4.18,7.84,-0.44,0.34,-0.18,21.66,-31.13,33.38,45.7,1755699988.9504392,15:26:28
14090.0,89.0,89.0,99.0,3.0,-5.29,4.05,7.9,-0.44,0.42,-0.12,21.64,-31.25,33.47,45.88,1755699989.0493836,15:26:29
14111.0,89.0,89.0,99.0,3.0,-5.32,4.0,8.03,-0.48,0.47,-0.11,21.66,-31.36,33.56,46.05,1755699989.1454458,15:26:29
14132.0,89.0,89.0,99.0,3.0,-5.53,3.96,8.02,-0.51,0.39,-0.15,21.66,-31.48,33.64,46.22,1755699989.251172,15:26:29
14153.0,89.0,89.0,99.0,3.0,-5.65,3.98,7.79,-0.53,0.25,-0.17,21.66,-31.59,33.73,46.39,1755699989.3097062,15:26:29
14174.0,89.0,89.0,99.0,3.0,-5.59,3.89,7.57,-0.49,0.19,-0.13,21.66,-31.71,33.81,46.55,1755699989.4573305,15:26:29
14196.0,89.0,89.0,99.0,3.0,-5.43,3.79,7.67,-0.51,0.26,-0.07,21.66,-31.83,33.89,46.72,1755699989.5632527,15:26:29
14217.0,89.0,89.0,99.0,3.0,-5.49,3.74,7.78,-0.55,0.34,-0.07,21.65,-31.95,33.97,46.88,1755699989.6596332,15:26:29
14238.0,89.0,89.0,99.0,3.0,-5.5,3.61,7.69,-0.57,0.39,-0.02,21.66,-32.06,34.05,47.04,1755699989.86676,15:26:29
14259.0,89.0,89.0,99.0,3.0,-5.63,3.42,7.45,-0.55,0.33,0.02,21.66,-32.18,34.12,47.2,1755699989.929108,15:26:29
14280.0,89.0,89.0,99.0,3.0,-5.66,3.16,7.34,-0.58,0.29,0.1,21.65,-32.3,34.19,47.35,1755699989.9760368,15:26:29
14302.0,89.0,89.0,99.0,3.0,-5.61,3.07,7.49,-0.63,0.31,0.08,21.67,-32.42,34.26,47.52,1755699990.0250485,15:26:30
14323.0,89.0,89.0,99.0,3.0,-5.41,2.91,7.45,-0.67,0.33,0.09,21.64,-32.54,34.32,47.67,1755699990.0730395,15:26:30
14344.0,0.0,0.0,0.0,0.0,-5.41,2.59,7.26,-0.68,0.47,0.19,21.67,-32.65,34.38,47.83,1755699990.1366513,15:26:30
14384.0,89.0,89.0,99.0,3.0,-5.63,2.02,6.73,-0.58,0.64,0.37,21.65,-32.87,34.47,48.11,1755699990.1861484,15:26:30
14406.0,89.0,89.0,99.0,3.0,-5.78,1.34,6.59,-0.46,0.9,0.66,21.66,-33.0,34.51,48.26,1755699990.2604065,15:26:30
14427.0,89.0,89.0,99.0,3.0,-6.47,0.87,7.15,-0.34,1.39,0.71,21.65,-33.13,34.53,48.4,1755699990.3126755,15:26:30
14448.0,89.0,89.0,99.0,3.0,-7.19,0.37,7.75,-0.56,1.6,0.46,21.66,-33.27,34.55,48.56,1755699990.3643792,15:26:30
14469.0,89.0,89.0,99.0,3.0,-7.69,-0.19,7.69,-0.45,0.87,0.14,21.64,-33.43,34.55,48.72,1755699990.4205976,15:26:30
14491.0,89.0,89.0,99.0,3.0,-7.35,-0.14,7.13,-0.45,0.38,0.07,21.66,-33.59,34.54,48.88,1755699990.5845232,15:26:30
14513.0,89.0,89.0,99.0,3.0,-6.92,-0.39,6.46,-0.66,0.13,0.07,21.65,-33.75,34.54,49.03,1755699990.6351492,15:26:30
14534.0,89.0,89.0,99.0,3.0,-6.6,-0.34,6.14,-0.55,0.0,0.19,21.66,-33.89,34.53,49.16,1755699990.6845806,15:26:30
14555.0,89.0,89.0,99.0,3.0,-6.68,-0.12,5.95,-0.57,0.3,0.11,21.67,-34.03,34.53,49.29,1755699990.7348788,15:26:30
14576.0,89.0,89.0,99.0,3.0,-7.07,0.07,5.89,-0.26,0.7,-0.12,21.66,-34.18,34.53,49.41,1755699990.7988877,15:26:30
14598.0,89.0,89.0,99.0,3.0,-6.49,0.29,5.77,-0.02,0.98,-0.34,21.67,-34.32,34.53,49.54,1755699990.8521564,15:26:30
14620.0,89.0,89.0,99.0,3.0,-6.28,0.8,5.58,-0.11,1.05,-0.3,21.66,-34.47,34.54,49.67,1755699990.9920511,15:26:30
14641.0,89.0,89.0,99.0,3.0,-6.11,1.18,5.12,-0.3,1.2,-0.06,21.67,-34.6,34.56,49.78,1755699991.0475423,15:26:31
14662.0,89.0,89.0,99.0,3.0,-6.47,1.32,4.64,-0.44,1.42,0.27,21.68,-34.73,34.59,49.88,1755699991.2024996,15:26:31
14683.0,89.0,89.0,99.0,3.0,-7.7,1.64,4.76,-0.11,1.93,0.47,21.65,-34.88,34.62,49.98,1755699991.248812,15:26:31
14705.0,89.0,89.0,99.0,3.0,-7.44,1.54,4.93,0.26,2.38,0.26,21.67,-35.04,34.65,50.09,1755699991.298021,15:26:31
14726.0,89.0,89.0,99.0,3.0,-7.41,2.09,4.88,0.25,2.41,0.09,21.65,-35.2,34.69,50.19,1755699991.3484764,15:26:31
14747.0,89.0,89.0,99.0,3.0,-7.81,2.62,4.24,-0.2,2.44,0.24,21.67,-35.36,34.74,50.29,1755699991.3992226,15:26:31
14770.0,89.0,89.0,99.0,3.0,-8.29,2.93,3.91,-0.18,2.48,0.74,21.65,-35.54,34.81,50.38,1755699991.5037913,15:26:31
14791.0,89.0,89.0,99.0,3.0,-9.05,2.99,3.85,-0.2,2.66,0.94,21.65,-35.73,34.87,50.46,1755699991.5579486,15:26:31
14812.0,89.0,89.0,99.0,3.0,-9.35,3.32,3.51,-0.09,2.63,0.74,21.64,-35.92,34.93,50.54,1755699991.7105114,15:26:31
14833.0,89.0,89.0,99.0,3.0,-9.69,3.69,3.36,0.05,2.19,0.46,21.64,-36.12,35.01,50.61,1755699991.8184397,15:26:31
14854.0,89.0,89.0,99.0,3.0,-9.33,4.02,3.1,-0.18,1.89,0.39,21.67,-36.32,35.09,50.68,1755699991.8795676,15:26:31
14875.0,89.0,89.0,99.0,3.0,-8.94,4.11,2.41,-0.51,1.72,0.54,21.66,-36.51,35.17,50.74,1755699991.930866,15:26:31
14896.0,89.0,89.0,99.0,3.0,-9.16,3.86,1.96,-0.43,1.37,0.84,21.65,-36.7,35.26,50.78,1755699992.015696,15:26:32
14918.0,89.0,89.0,99.0,3.0,-9.18,3.7,1.92,-0.45,1.07,0.95,21.63,-36.9,35.34,50.82,1755699992.1274624,15:26:32
14939.0,89.0,89.0,99.0,3.0,-9.08,3.8,1.58,-0.43,0.81,0.69,21.66,-37.09,35.42,50.86,1755699992.2213027,15:26:32
14961.0,89.0,89.0,99.0,3.0,-8.96,4.13,1.1,-0.31,0.65,0.44,21.67,-37.29,35.51,50.89,1755699992.2839022,15:26:32
14982.0,89.0,89.0,99.0,3.0,-9.21,4.12,1.07,-0.08,0.56,0.39,21.66,-37.48,35.59,50.91,1755699992.3388877,15:26:32
15003.0,89.0,89.0,99.0,3.0,-9.04,4.24,0.98,-0.11,0.66,0.47,21.67,-37.67,35.68,50.94,1755699992.4223607,15:26:32
15024.0,89.0,89.0,99.0,3.0,-8.72,4.04,0.54,-0.17,0.57,0.53,21.66,-37.86,35.77,50.95,1755699992.5324118,15:26:32
15045.0,89.0,89.0,99.0,3.0,-8.92,4.05,0.35,-0.08,0.31,0.54,21.67,-38.05,35.85,50.96,1755699992.629221,15:26:32
15066.0,89.0,89.0,99.0,3.0,-8.93,4.06,0.35,-0.11,0.25,0.53,21.67,-38.23,35.94,50.97,1755699992.7333097,15:26:32
15087.0,89.0,89.0,99.0,3.0,-8.62,4.11,0.22,-0.08,0.35,0.41,21.67,-38.42,36.02,50.97,1755699992.8374515,15:26:32
15109.0,89.0,89.0,99.0,3.0,-8.74,4.19,0.1,0.06,0.52,0.3,21.67,-38.61,36.12,50.98,1755699992.8893225,15:26:32
15130.0,89.0,89.0,99.0,3.0,-8.51,4.29,0.05,0.15,0.76,0.21,21.65,-38.79,36.2,50.98,1755699993.0386014,15:26:33
15151.0,89.0,89.0,99.0,3.0,-9.2,4.3,0.36,0.37,0.99,0.18,21.66,-38.98,36.29,50.98,1755699993.0948012,15:26:33
15172.0,89.0,89.0,99.0,3.0,-8.47,4.41,0.46,0.39,1.08,0.06,21.66,-39.16,36.39,50.99,1755699993.1451745,15:26:33
15193.0,89.0,89.0,99.0,3.0,-8.33,4.74,0.17,0.26,0.71,-0.1,21.66,-39.34,36.48,51.0,1755699993.2435172,15:26:33
15214.0,89.0,89.0,99.0,3.0,-8.79,4.85,0.16,-0.0,0.47,0.03,21.65,-39.52,36.58,51.0,1755699993.3441556,15:26:33
15235.0,89.0,89.0,99.0,3.0,-8.8,4.86,0.14,0.0,0.43,0.17,21.64,-39.7,36.69,51.01,1755699993.394755,15:26:33
15256.0,89.0,89.0,99.0,3.0,-8.63,4.87,-0.2,0.03,0.38,0.04,21.65,-39.89,36.79,51.01,1755699993.4481668,15:26:33
15277.0,89.0,89.0,99.0,3.0,-8.62,4.84,-0.16,0.07,0.22,-0.02,21.66,-40.07,36.89,51.0,1755699993.551034,15:26:33
15298.0,89.0,89.0,99.0,3.0,-8.5,4.82,-0.18,0.09,0.16,0.03,21.65,-40.25,36.99,51.0,1755699993.6535199,15:26:33
15320.0,89.0,89.0,99.0,3.0,-8.15,4.7,-0.28,0.02,0.02,0.07,21.64,-40.43,37.1,50.99,1755699993.7012033,15:26:33
15341.0,89.0,89.0,99.0,3.0,-7.94,4.7,-0.81,-0.08,-0.27,0.1,21.66,-40.6,37.19,50.98,1755699993.7539985,15:26:33
15362.0,91.0,89.0,99.0,3.0,-8.52,4.66,-0.69,-0.21,-0.47,0.2,21.65,-40.77,37.29,50.97,1755699993.8609512,15:26:33
15383.0,91.0,89.0,99.0,3.0,-8.31,4.45,-0.62,-0.3,-0.44,0.22,21.65,-40.95,37.39,50.95,1755699993.914746,15:26:33
15404.0,91.0,89.0,99.0,3.0,-9.03,4.58,-0.62,-0.14,-0.35,0.13,21.65,-41.13,37.48,50.94,1755699994.0666823,15:26:34
15425.0,91.0,89.0,99.0,3.0,-8.94,4.53,-0.69,-0.06,-0.07,0.1,21.66,-41.32,37.58,50.92,1755699994.1231227,15:26:34
15446.0,91.0,89.0,99.0,3.0,-8.74,4.21,-0.39,0.1,0.29,0.05,21.65,-41.5,37.67,50.91,1755699994.268258,15:26:34
15467.0,91.0,89.0,99.0,3.0,-8.49,4.23,-0.28,0.16,0.66,-0.07,21.65,-41.69,37.76,50.91,1755699994.3176646,15:26:34
15488.0,91.0,89.0,99.0,3.0,-8.48,4.36,-0.38,0.17,0.54,-0.12,21.66,-41.86,37.85,50.9,1755699994.4731789,15:26:34
15509.0,91.0,89.0,99.0,3.0,-7.92,4.54,-0.36,0.0,0.32,-0.09,21.67,-42.04,37.94,50.89,1755699994.5325937,15:26:34
15531.0,91.0,89.0,99.0,3.0,-8.61,4.92,-0.59,-0.11,0.17,-0.14,21.67,-42.22,38.05,50.88,1755699994.5834885,15:26:34
15552.0,91.0,89.0,99.0,3.0,-8.81,4.81,-0.46,0.01,0.1,-0.03,21.68,-42.4,38.15,50.87,1755699994.6312113,15:26:34
15573.0,91.0,89.0,99.0,3.0,-8.34,4.45,-0.46,-0.13,0.25,0.11,21.67,-42.58,38.25,50.86,1755699994.6942108,15:26:34
15594.0,91.0,89.0,99.0,3.0,-8.24,4.18,-0.6,-0.17,0.29,0.12,21.66,-42.75,38.34,50.85,1755699994.7807646,15:26:34
15616.0,91.0,89.0,99.0,3.0,-7.91,4.12,-0.5,-0.14,0.28,0.06,21.67,-42.93,38.43,50.84,1755699994.8934913,15:26:34
15637.0,91.0,89.0,99.0,3.0,-8.23,4.38,-0.57,-0.1,0.32,-0.07,21.67,-43.1,38.52,50.83,1755699994.9425764,15:26:34
15658.0,91.0,89.0,99.0,3.0,-8.0,4.6,-0.82,-0.11,0.09,-0.09,21.67,-43.27,38.61,50.81,1755699994.9922926,15:26:34
15679.0,91.0,89.0,99.0,3.0,-8.08,4.87,-0.84,-0.09,-0.08,-0.08,21.67,-43.44,38.71,50.79,1755699995.0487616,15:26:35
15700.0,91.0,89.0,99.0,3.0,-7.94,4.95,-0.79,-0.22,0.01,-0.07,21.67,-43.61,38.81,50.78,1755699995.1909065,15:26:35
15721.0,91.0,89.0,99.0,3.0,-8.05,4.9,-0.86,-0.1,0.1,0.05,21.68,-43.78,38.92,50.76,1755699995.2932184,15:26:35
15743.0,91.0,89.0,99.0,3.0,-8.19,5.14,-1.13,-0.18,-0.0,0.06,21.66,-43.95,39.03,50.74,1755699995.3431256,15:26:35
15764.0,91.0,89.0,99.0,3.0,-8.08,5.02,-1.33,-0.27,-0.18,0.02,21.65,-44.13,39.13,50.71,1755699995.3937874,15:26:35
15785.0,91.0,89.0,99.0,3.0,-8.04,5.04,-1.2,-0.09,-0.29,0.03,21.65,-44.3,39.24,50.69,1755699995.444684,15:26:35
15806.0,91.0,89.0,99.0,3.0,-7.94,4.77,-0.97,-0.03,-0.25,0.12,21.67,-44.46,39.34,50.66,1755699995.4961202,15:26:35
15828.0,91.0,89.0,99.0,3.0,-8.65,4.09,-0.62,0.38,-0.01,0.48,21.68,-44.65,39.44,50.64,1755699995.544153,15:26:35
15849.0,91.0,89.0,99.0,3.0,-9.36,3.14,0.67,0.53,0.27,0.72,21.67,-44.83,39.52,50.65,1755699995.5969617,15:26:35
15870.0,91.0,89.0,99.0,3.0,-9.38,2.5,1.18,0.12,0.14,0.34,21.66,-45.03,39.58,50.66,1755699995.6491616,15:26:35
15892.0,91.0,89.0,99.0,3.0,-9.81,2.98,0.16,-0.42,-0.81,-0.37,21.66,-45.24,39.64,50.68,1755699995.806122,15:26:35
15913.0,91.0,89.0,99.0,3.0,-8.9,3.87,-1.23,-0.87,-1.26,-0.61,21.66,-45.44,39.71,50.67,1755699995.9139483,15:26:35
15935.0,91.0,89.0,99.0,3.0,-7.96,4.35,-2.23,-1.06,-1.6,-0.5,21.66,-45.62,39.8,50.63,1755699996.0098166,15:26:36
15956.0,91.0,89.0,99.0,3.0,-9.05,5.11,-0.12,-0.23,-0.92,-0.44,21.67,-45.8,39.9,50.61,1755699996.127855,15:26:36
15977.0,91.0,89.0,99.0,3.0,-7.47,5.24,0.24,0.2,0.74,-0.7,21.68,-45.98,40.01,50.61,1755699996.1874392,15:26:36
15999.0,91.0,89.0,99.0,3.0,-8.34,5.31,0.38,0.77,1.11,-0.56,21.67,-46.15,40.12,50.61,1755699996.2349703,15:26:36
16020.0,91.0,89.0,99.0,3.0,-7.93,4.82,0.36,0.29,0.79,-0.31,21.66,-46.32,40.23,50.62,1755699996.2835763,15:26:36
16041.0,91.0,89.0,99.0,3.0,-8.2,4.58,-0.16,-0.34,-0.45,0.28,21.65,-46.49,40.33,50.62,1755699996.3364592,15:26:36
16062.0,91.0,89.0,99.0,3.0,-8.38,4.58,-0.34,-0.66,-1.18,0.57,21.67,-46.66,40.42,50.62,1755699996.4164956,15:26:36
16083.0,91.0,89.0,99.0,3.0,-8.38,4.33,-0.46,-0.63,-0.88,0.6,21.66,-46.84,40.52,50.61,1755699996.5226455,15:26:36
16104.0,91.0,89.0,99.0,3.0,-8.43,4.07,-0.36,-0.22,-0.18,0.37,21.67,-47.02,40.61,50.6,1755699996.626729,15:26:36
16125.0,91.0,89.0,99.0,3.0,-8.21,4.07,0.0,0.23,0.52,0.01,21.65,-47.19,40.69,50.6,1755699996.6754947,15:26:36
16147.0,91.0,89.0,99.0,3.0,-8.49,4.26,0.0,0.4,0.59,-0.3,21.66,-47.38,40.78,50.6,1755699996.7285836,15:26:36
16168.0,91.0,89.0,99.0,3.0,-8.52,4.46,0.32,0.41,0.24,-0.27,21.64,-47.55,40.87,50.6,1755699996.8281462,15:26:36
16189.0,91.0,89.0,99.0,3.0,-8.55,4.19,0.72,0.16,0.07,0.08,21.67,-47.73,40.97,50.61,1755699996.9306912,15:26:36
16210.0,91.0,89.0,99.0,3.0,-8.63,3.86,0.73,-0.05,-0.12,0.31,21.68,-47.91,41.05,50.63,1755699997.031421,15:26:37
16233.0,91.0,89.0,99.0,3.0,-9.05,3.78,0.25,-0.2,-0.49,0.17,21.67,-48.12,41.14,50.64,1755699997.0834432,15:26:37
16254.0,91.0,89.0,99.0,3.0,-8.72,3.84,-0.02,-0.17,-0.45,0.0,21.67,-48.3,41.22,50.64,1755699997.2390313,15:26:37
16275.0,91.0,89.0,99.0,3.0,-8.92,3.93,0.0,0.04,-0.14,-0.05,21.67,-48.49,41.3,50.64,1755699997.3403656,15:26:37
16297.0,91.0,89.0,99.0,3.0,-8.53,4.0,0.16,0.05,0.18,-0.11,21.67,-48.68,41.39,50.64,1755699997.3904233,15:26:37
16318.0,91.0,89.0,99.0,3.0,-7.8,3.95,0.8,0.08,0.32,-0.13,21.68,-48.85,41.47,50.65,1755699997.4426506,15:26:37
16339.0,91.0,89.0,99.0,3.0,-7.83,3.46,4.51,0.27,1.98,-0.06,21.68,-49.02,41.55,50.71,1755699997.5033371,15:26:37
16360.0,91.0,89.0,99.0,3.0,-7.56,4.27,1.98,0.07,3.55,-0.66,21.68,-49.18,41.63,50.78,1755699997.5519795,15:26:37
16381.0,91.0,89.0,99.0,3.0,-8.75,4.17,0.44,-1.16,1.23,-0.56,21.68,-49.35,41.72,50.8,1755699997.6478302,15:26:37
16402.0,91.0,89.0,99.0,3.0,-7.4,6.26,-0.63,-0.77,-1.04,-0.79,21.67,-49.52,41.83,50.8,1755699997.7497628,15:26:37
16423.0,91.0,89.0,99.0,3.0,-7.76,6.5,-2.69,-3.94,-2.9,-0.23,21.67,-49.68,41.96,50.76,1755699997.8518672,15:26:37
16445.0,91.0,89.0,99.0,3.0,-7.98,6.13,0.31,-4.37,-3.18,0.22,21.69,-49.85,42.1,50.74,1755699997.9631567,15:26:37
16466.0,91.0,89.0,99.0,3.0,-7.79,5.77,-0.48,-4.06,-1.56,0.15,21.67,-50.02,42.22,50.74,1755699998.057138,15:26:38
16487.0,91.0,89.0,99.0,3.0,-8.0,5.64,0.42,-0.72,-0.46,0.54,21.67,-50.18,42.34,50.74,1755699998.1689482,15:26:38
16508.0,91.0,89.0,100.0,3.0,-8.05,4.64,1.01,1.51,0.37,1.15,21.67,-50.35,42.45,50.75,1755699998.223452,15:26:38
16530.0,91.0,89.0,100.0,3.0,-12.17,4.3,3.13,1.23,0.51,1.08,21.66,-50.57,42.55,50.8,1755699998.2781923,15:26:38
16551.0,91.0,89.0,100.0,3.0,-9.91,4.22,4.34,0.21,-0.07,-0.36,21.66,-50.81,42.64,50.88,1755699998.3257124,15:26:38
16572.0,91.0,89.0,100.0,3.0,-10.16,4.84,2.49,-0.43,-0.32,-1.43,21.67,-51.02,42.74,50.95,1755699998.4667697,15:26:38
16594.0,91.0,89.0,100.0,3.0,-9.77,5.53,1.7,0.18,-0.41,-1.2,21.68,-51.23,42.85,50.99,1755699998.5700572,15:26:38
16615.0,91.0,89.0,100.0,3.0,-8.53,5.32,2.8,0.74,0.03,-0.83,21.66,-51.43,42.96,51.04,1755699998.6784542,15:26:38
16637.0,91.0,89.0,100.0,3.0,-8.61,4.83,3.29,0.67,0.18,-0.9,21.67,-51.62,43.08,51.11,1755699998.7722826,15:26:38
16658.0,91.0,89.0,100.0,3.0,-8.24,4.95,3.43,0.36,-0.39,-1.21,21.67,-51.79,43.18,51.18,1755699998.8211472,15:26:38
16679.0,91.0,89.0,100.0,3.0,-7.45,5.3,2.64,-0.6,-0.51,-1.17,21.67,-51.96,43.29,51.24,1755699998.8749306,15:26:38
16701.0,91.0,89.0,100.0,3.0,-8.12,5.44,2.0,-1.03,-0.39,-0.65,21.66,-52.13,43.4,51.29,1755699998.9243124,15:26:38
16722.0,91.0,89.0,100.0,3.0,-8.33,4.59,2.57,0.32,-0.19,-0.37,21.66,-52.3,43.51,51.34,1755699998.9768088,15:26:38
16744.0,91.0,89.0,100.0,3.0,-8.76,4.29,3.56,0.79,-0.32,-0.31,21.65,-52.49,43.61,51.41,1755699999.081578,15:26:39
16765.0,91.0,89.0,100.0,3.0,-9.35,3.91,3.66,-0.31,-0.63,-0.61,21.64,-52.68,43.69,51.48,1755699999.132732,15:26:39
16786.0,91.0,89.0,100.0,3.0,-8.98,3.53,3.02,-0.63,-1.46,-0.87,21.65,-52.87,43.77,51.55,1755699999.1849217,15:26:39
16807.0,91.0,89.0,100.0,3.0,-8.47,3.02,3.32,-0.5,-1.82,-0.75,21.65,-53.05,43.84,51.62,1755699999.297086,15:26:39
16828.0,91.0,89.0,100.0,3.0,-8.16,2.47,3.76,-0.67,-1.46,-0.49,21.66,-53.23,43.9,51.69,1755699999.3533852,15:26:39
16850.0,91.0,89.0,100.0,3.0,-8.4,1.85,3.93,-0.76,-1.43,-0.44,21.66,-53.41,43.94,51.78,1755699999.4914362,15:26:39
16871.0,91.0,89.0,100.0,3.0,-8.59,1.68,3.86,-1.03,-1.78,-0.61,21.66,-53.59,43.98,51.86,1755699999.5531394,15:26:39
16892.0,91.0,89.0,100.0,3.0,-8.19,1.66,3.58,-1.44,-1.93,-0.57,21.66,-53.77,44.02,51.94,1755699999.6977673,15:26:39
16914.0,91.0,89.0,100.0,3.0,-7.51,1.5,3.2,-1.52,-1.75,-0.24,21.66,-53.94,44.05,52.01,1755699999.7976918,15:26:39
16935.0,91.0,89.0,100.0,3.0,-7.55,1.23,3.49,-1.25,-1.33,0.2,21.66,-54.1,44.08,52.08,1755699999.9015183,15:26:39
16957.0,91.0,89.0,100.0,3.0,-7.82,0.84,3.76,-1.09,-0.87,0.39,21.65,-54.27,44.1,52.16,1755700000.0003896,15:26:40
16978.0,91.0,89.0,100.0,3.0,-8.28,0.57,4.26,-1.04,-0.86,0.4,21.66,-54.44,44.12,52.25,1755700000.050698,15:26:40
17000.0,91.0,89.0,100.0,3.0,-7.37,0.59,4.17,-1.03,-1.08,0.12,21.67,-54.61,44.13,52.34,1755700000.1041405,15:26:40
17021.0,91.0,89.0,100.0,3.0,-6.78,0.92,3.71,-1.16,-1.29,0.09,21.66,-54.76,44.15,52.42,1755700000.2070963,15:26:40
17042.0,91.0,89.0,100.0,3.0,-7.37,1.14,3.21,-1.16,-1.29,0.5,21.65,-54.9,44.17,52.5,1755700000.259142,15:26:40
17064.0,91.0,89.0,100.0,3.0,-7.79,0.23,3.63,-0.78,-1.39,0.9,21.65,-55.07,44.18,52.57,1755700000.3086007,15:26:40
17085.0,91.0,89.0,100.0,3.0,-8.69,-0.29,5.01,-0.19,-1.66,0.81,21.67,-55.24,44.18,52.66,1755700000.3581717,15:26:40
17107.0,91.0,89.0,100.0,3.0,-8.31,-0.56,6.17,-0.06,-1.63,0.09,21.64,-55.43,44.17,52.78,1755700000.411146,15:26:40
17128.0,91.0,89.0,100.0,3.0,-7.04,-0.04,5.62,-0.37,-1.21,-0.62,21.64,-55.59,44.17,52.91,1755700000.516426,15:26:40
17149.0,91.0,89.0,100.0,3.0,-7.47,0.29,5.0,-0.25,-0.79,-0.4,21.67,-55.74,44.17,53.02,1755700000.5665767,15:26:40
17170.0,91.0,89.0,100.0,3.0,-7.27,0.1,5.51,0.33,-0.28,0.23,21.67,-55.9,44.17,53.13,1755700000.6164021,15:26:40
17191.0,91.0,89.0,100.0,3.0,-7.57,-0.37,5.97,0.31,-0.26,0.1,21.66,-56.06,44.17,53.25,1755700000.7214353,15:26:40
17212.0,91.0,89.0,100.0,3.0,-7.85,-0.46,6.49,0.4,-0.39,-0.35,21.67,-56.22,44.16,53.38,1755700000.8206902,15:26:40
17233.0,91.0,89.0,100.0,3.0,-7.3,-0.26,6.77,0.77,-0.3,-0.73,21.64,-56.38,44.15,53.52,1755700000.871414,15:26:40
17255.0,91.0,89.0,100.0,3.0,-6.55,0.24,6.28,0.73,-0.05,-0.89,21.65,-56.53,44.15,53.66,1755700000.9211676,15:26:40
17277.0,91.0,89.0,100.0,3.0,-7.16,0.35,5.82,0.46,-0.22,-0.67,21.64,-56.68,44.16,53.8,1755700001.0254521,15:26:41
17298.0,91.0,89.0,100.0,3.0,-7.15,-0.11,6.86,0.94,-0.36,-0.33,21.64,-56.83,44.16,53.93,1755700001.0813491,15:26:41
17320.0,91.0,89.0,100.0,3.0,-7.09,-0.54,7.8,0.1,0.02,-0.52,21.64,-56.99,44.16,54.09,1755700001.1274457,15:26:41
17341.0,91.0,89.0,100.0,3.0,-6.65,-0.3,7.67,0.06,-0.44,-0.58,21.66,-57.13,44.15,54.25,1755700001.1779134,15:26:41
17362.0,91.0,89.0,100.0,3.0,-6.13,0.48,7.29,0.04,-0.62,-0.51,21.65,-57.26,44.15,54.41,1755700001.3333685,15:26:41
17384.0,91.0,89.0,100.0,3.0,-6.46,0.82,7.84,-0.12,0.04,-0.31,21.65,-57.4,44.16,54.58,1755700001.3877583,15:26:41
17405.0,91.0,89.0,100.0,3.0,-6.52,0.89,7.82,-0.16,0.56,-0.21,21.66,-57.54,44.18,54.74,1755700001.44428,15:26:41
17427.0,91.0,89.0,100.0,3.0,-7.02,0.98,7.51,-0.1,0.29,-0.38,21.66,-57.69,44.2,54.91,1755700001.5393796,15:26:41
17448.0,91.0,89.0,100.0,3.0,-7.13,1.04,7.74,-0.06,0.1,-0.34,21.65,-57.84,44.22,55.07,1755700001.6415384,15:26:41
17469.0,91.0,89.0,100.0,3.0,-6.82,0.68,7.82,-0.02,0.06,-0.24,21.64,-57.98,44.24,55.23,1755700001.6971226,15:26:41
17490.0,91.0,89.0,100.0,3.0,-6.91,0.54,7.5,0.03,-0.12,-0.43,21.65,-58.13,44.25,55.4,1755700001.860963,15:26:41
17511.0,91.0,89.0,100.0,3.0,-6.76,0.91,7.5,0.03,-0.34,-0.48,21.64,-58.27,44.27,55.55,1755700001.9643352,15:26:41
17532.0,91.0,89.0,100.0,3.0,-7.25,0.8,7.73,-0.0,-0.31,-0.58,21.65,-58.42,44.29,55.71,1755700002.018257,15:26:42
17553.0,91.0,89.0,100.0,3.0,-7.02,0.57,7.81,0.11,-0.43,-0.58,21.65,-58.57,44.3,55.88,1755700002.0689654,15:26:42
17576.0,91.0,89.0,100.0,3.0,-6.54,0.16,7.86,0.17,-0.71,-0.64,21.64,-58.72,44.31,56.06,1755700002.1536524,15:26:42
17597.0,0.0,0.0,0.0,0.0,-5.95,0.23,7.91,0.14,-0.76,-0.64,21.66,-58.86,44.31,56.22,1755700002.2551312,15:26:42
17637.0,0.0,0.0,0.0,0.0,-6.1,0.37,7.93,0.12,-0.42,-0.53,21.64,-59.1,44.33,56.54,1755700002.305749,15:26:42
17678.0,91.0,89.0,100.0,3.0,-6.02,0.42,7.92,0.13,-0.5,-0.39,21.63,-59.34,44.34,56.86,1755700002.3552992,15:26:42
17699.0,91.0,89.0,100.0,3.0,-5.94,0.63,8.22,0.1,-0.34,-0.49,21.64,-59.47,44.35,57.03,1755700002.403848,15:26:42
17721.0,91.0,89.0,100.0,3.0,-5.88,0.6,8.49,0.08,-0.4,-0.6,21.64,-59.6,44.37,57.22,1755700002.5646539,15:26:42
17742.0,91.0,89.0,100.0,3.0,-5.55,0.81,8.58,0.06,-0.31,-0.49,21.65,-59.72,44.38,57.4,1755700002.6156352,15:26:42
17763.0,14.0,89.0,100.0,3.0,-5.8,0.71,8.68,-0.03,-0.14,-0.22,21.65,-59.84,44.4,57.58,1755700002.7660828,15:26:42
17785.0,91.0,89.0,100.0,3.0,-5.64,0.67,8.34,-0.04,-0.17,-0.06,21.63,-59.97,44.41,57.76,1755700002.8693032,15:26:42
17806.0,91.0,89.0,100.0,3.0,-5.52,0.34,8.16,-0.05,-0.49,-0.1,21.66,-60.08,44.42,57.94,1755700002.9254048,15:26:42
17828.0,91.0,89.0,100.0,3.0,-5.09,0.52,8.1,-0.08,-0.4,0.01,21.66,-60.2,44.43,58.12,1755700002.9972734,15:26:42
17849.0,91.0,89.0,100.0,3.0,-5.29,0.36,8.03,-0.14,-0.19,0.12,21.65,-60.31,44.44,58.29,1755700003.0724733,15:26:43
17870.0,91.0,89.0,100.0,3.0,-5.68,0.23,8.21,-0.17,-0.02,0.16,21.66,-60.42,44.45,58.46,1755700003.1805935,15:26:43
17891.0,91.0,89.0,100.0,3.0,-5.82,-0.06,8.36,-0.18,-0.08,0.17,21.66,-60.54,44.45,58.63,1755700003.2860293,15:26:43
17912.0,91.0,89.0,100.0,3.0,-5.45,-0.04,8.05,-0.15,-0.23,0.14,21.64,-60.66,44.45,58.8,1755700003.3458989,15:26:43
17933.0,91.0,89.0,100.0,3.0,-5.62,0.11,8.23,-0.23,-0.04,0.17,21.66,-60.78,44.45,58.97,1755700003.4821014,15:26:43
17954.0,91.0,89.0,100.0,3.0,-5.67,-0.17,8.5,-0.27,0.02,0.18,21.64,-60.9,44.45,59.15,1755700003.539597,15:26:43
17976.0,91.0,89.0,100.0,3.0,-5.5,-0.39,8.42,-0.2,-0.26,0.21,21.66,-61.02,44.44,59.34,1755700003.6897116,15:26:43
17997.0,91.0,89.0,100.0,3.0,-5.2,-0.29,8.4,-0.28,-0.04,0.25,21.66,-61.13,44.44,59.51,1755700003.7963152,15:26:43
18018.0,91.0,89.0,100.0,3.0,-5.07,-0.39,8.09,-0.32,0.08,0.33,21.66,-61.24,44.43,59.68,1755700003.9028425,15:26:43
18039.0,91.0,89.0,100.0,3.0,-5.46,-0.29,8.43,-0.39,0.33,0.35,21.65,-61.35,44.42,59.86,1755700003.9950151,15:26:43
18060.0,91.0,89.0,100.0,3.0,-5.31,-0.47,8.26,-0.32,0.15,0.34,21.64,-61.46,44.41,60.03,1755700004.0513163,15:26:44
18082.0,91.0,89.0,100.0,3.0,-5.04,-0.4,7.73,-0.23,-0.07,0.32,21.64,-61.58,44.4,60.21,1755700004.098791,15:26:44
18103.0,91.0,89.0,100.0,3.0,-5.4,-0.22,7.81,-0.36,0.45,0.44,21.65,-61.69,44.4,60.37,1755700004.1474195,15:26:44
18124.0,91.0,89.0,100.0,3.0,-6.02,-0.53,8.45,-0.41,0.75,0.45,21.64,-61.81,44.39,60.54,1755700004.1983342,15:26:44
18145.0,91.0,89.0,100.0,3.0,-6.0,-0.41,8.21,-0.22,0.08,0.28,21.64,-61.93,44.38,60.72,1755700004.2580132,15:26:44
18166.0,91.0,89.0,100.0,3.0,-5.53,-0.16,7.68,-0.15,-0.04,0.26,21.66,-62.05,44.37,60.89,1755700004.3067389,15:26:44
18188.0,91.0,89.0,100.0,3.0,-5.65,-0.18,7.76,-0.32,0.78,0.41,21.65,-62.18,44.37,61.05,1755700004.4074507,15:26:44
18209.0,91.0,89.0,100.0,3.0,-6.08,-0.29,8.12,-0.29,0.8,0.4,21.64,-62.3,44.36,61.22,1755700004.4655738,15:26:44
18230.0,91.0,89.0,100.0,3.0,-5.83,-0.34,7.98,-0.19,0.54,0.24,21.63,-62.43,44.36,61.39,1755700004.5148647,15:26:44
18251.0,91.0,89.0,100.0,3.0,-6.14,-0.3,7.97,-0.23,0.6,0.26,21.63,-62.55,44.35,61.56,1755700004.571339,15:26:44
18273.0,91.0,89.0,100.0,3.0,-6.51,-0.51,8.27,-0.22,0.46,0.14,21.65,-62.69,44.34,61.74,1755700004.619524,15:26:44
18294.0,91.0,89.0,100.0,3.0,-6.45,-0.31,8.27,-0.15,0.13,-0.01,21.67,-62.83,44.33,61.91,1755700004.6684964,15:26:44
18315.0,91.0,89.0,100.0,3.0,-6.03,-0.09,7.81,-0.14,0.11,0.06,21.66,-62.96,44.33,62.08,1755700004.7383993,15:26:44
18336.0,91.0,89.0,100.0,3.0,-6.11,-0.17,7.68,-0.2,0.57,0.27,21.68,-63.08,44.33,62.24,1755700004.7934618,15:26:44
18357.0,91.0,89.0,100.0,3.0,-6.84,-0.41,7.83,-0.25,0.82,0.2,21.65,-63.22,44.32,62.4,1755700004.915429,15:26:44
18378.0,91.0,89.0,100.0,3.0,-6.86,-0.46,7.92,-0.09,0.26,0.03,21.66,-63.36,44.31,62.57,1755700004.9638417,15:26:44
18399.0,91.0,89.0,100.0,3.0,-6.16,-0.33,7.53,0.02,-0.27,-0.06,21.67,-63.5,44.3,62.73,1755700005.0178893,15:26:45
18420.0,91.0,89.0,100.0,3.0,-5.76,-0.35,7.24,-0.03,-0.02,0.06,21.67,-63.63,44.3,62.89,1755700005.0718987,15:26:45
18441.0,91.0,89.0,100.0,3.0,-6.46,-0.62,7.45,-0.14,0.46,0.13,21.66,-63.75,44.29,63.04,1755700005.2295291,15:26:45
18462.0,91.0,89.0,100.0,3.0,-7.08,-0.89,7.78,-0.11,0.41,0.05,21.67,-63.9,44.27,63.2,1755700005.2858143,15:26:45
18483.0,91.0,89.0,100.0,3.0,-6.76,-0.81,7.69,0.05,-0.3,-0.17,21.67,-64.04,44.25,63.36,1755700005.3478541,15:26:45
18504.0,91.0,89.0,100.0,3.0,-6.21,-0.55,7.15,0.05,-0.42,-0.17,21.67,-64.18,44.24,63.52,1755700005.4285367,15:26:45
18525.0,91.0,89.0,100.0,3.0,-6.32,-0.36,7.41,-0.08,0.14,-0.05,21.66,-64.31,44.23,63.67,1755700005.5307584,15:26:45
18547.0,91.0,89.0,100.0,3.0,-6.56,-0.54,7.66,-0.07,0.21,-0.1,21.66,-64.45,44.22,63.84,1755700005.5818083,15:26:45
18569.0,91.0,89.0,100.0,3.0,-6.58,-0.43,7.57,0.01,-0.09,-0.13,21.64,-64.6,44.21,64.01,1755700005.6386824,15:26:45
18590.0,92.0,89.0,100.0,3.0,-6.24,-0.2,7.22,0.01,-0.12,-0.18,21.67,-64.73,44.2,64.16,1755700005.7409794,15:26:45
18611.0,92.0,89.0,100.0,3.0,-6.26,-0.18,7.04,-0.02,-0.03,-0.07,21.65,-64.86,44.2,64.31,1755700005.7932189,15:26:45
18632.0,92.0,89.0,100.0,3.0,-6.46,-0.38,7.37,-0.07,0.31,0.03,21.65,-65.0,44.19,64.46,1755700005.9393313,15:26:45
18653.0,92.0,89.0,100.0,3.0,-6.58,-0.43,7.6,0.01,0.21,-0.05,21.66,-65.13,44.18,64.62,1755700006.0443826,15:26:46
18674.0,92.0,89.0,100.0,3.0,-6.46,-0.41,7.51,0.13,-0.09,-0.09,21.67,-65.27,44.17,64.78,1755700006.0946636,15:26:46
18695.0,92.0,89.0,100.0,3.0,-6.53,-0.6,7.55,0.08,0.23,0.01,21.67,-65.41,44.16,64.94,1755700006.2488837,15:26:46
18716.0,92.0,89.0,100.0,3.0,-6.4,-0.61,7.3,0.13,0.19,-0.02,21.67,-65.54,44.15,65.09,1755700006.29568,15:26:46
18737.0,92.0,89.0,100.0,3.0,-6.56,-0.6,7.8,0.11,0.23,-0.07,21.66,-65.68,44.14,65.25,1755700006.4685316,15:26:46
18758.0,92.0,89.0,100.0,3.0,-6.87,-0.46,7.88,0.14,-0.14,-0.23,21.67,-65.82,44.13,65.42,1755700006.5537722,15:26:46
18779.0,92.0,89.0,100.0,3.0,-6.09,-0.27,7.41,0.25,-0.74,-0.31,21.69,-65.95,44.12,65.58,1755700006.6571364,15:26:46
19510.0,92.0,89.0,100.0,3.0,-6.12,-0.65,7.79,0.13,-0.61,-0.33,21.68,-70.42,43.78,71.13,1755700006.718125,15:26:46
19531.0,92.0,89.0,100.0,3.0,-6.47,-0.45,7.31,0.1,-0.57,-0.28,21.67,-70.55,43.77,71.29,1755700006.8642313,15:26:46
19552.0,92.0,89.0,100.0,3.0,-5.54,-0.28,7.76,0.01,-0.03,-0.08,21.66,-70.68,43.76,71.45,1755700006.9163604,15:26:46
19573.0,92.0,89.0,100.0,3.0,-6.23,-0.49,7.89,-0.02,0.12,-0.06,21.69,-70.8,43.76,71.61,1755700006.965681,15:26:46
19594.0,92.0,89.0,100.0,3.0,-5.19,-0.32,7.69,0.03,-0.18,-0.01,21.67,-70.92,43.75,71.78,1755700007.0882654,15:26:47
19615.0,92.0,89.0,100.0,3.0,-5.42,-0.27,7.45,-0.1,0.29,0.37,21.67,-71.03,43.74,71.94,1755700007.150169,15:26:47
19636.0,92.0,89.0,100.0,3.0,-5.41,-0.32,7.49,-0.28,1.07,0.67,21.67,-71.15,43.73,72.09,1755700007.2011425,15:26:47
19657.0,92.0,89.0,100.0,3.0,-6.67,-0.52,8.13,-0.46,1.58,0.69,21.65,-71.27,43.73,72.26,1755700007.251148,15:26:47
19678.0,92.0,89.0,100.0,3.0,-7.05,-0.43,7.92,-0.33,0.81,0.45,21.67,-71.42,43.72,72.43,1755700007.3209047,15:26:47
19699.0,92.0,89.0,100.0,3.0,-6.9,-0.05,7.29,-0.21,0.01,0.21,21.68,-71.56,43.71,72.59,1755700008.709182,15:26:48
19722.0,92.0,89.0,100.0,3.0,-6.83,0.26,7.01,-0.16,0.16,0.35,21.67,-71.72,43.71,72.75,1755700008.7093349,15:26:48
19743.0,92.0,89.0,100.0,3.0,-7.21,-0.01,7.02,-0.23,0.55,0.33,21.67,-71.87,43.72,72.9,1755700008.7094407,15:26:48
19764.0,92.0,89.0,100.0,3.0,-7.66,-0.33,7.29,-0.12,0.26,0.03,21.67,-72.03,43.71,73.05,1755700008.7253985,15:26:48
19785.0,92.0,89.0,100.0,3.0,-7.05,-0.23,7.06,0.14,-0.6,-0.24,21.66,-72.18,43.71,73.2,1755700008.807979,15:26:48
19806.0,92.0,89.0,100.0,3.0,-6.71,-0.26,7.23,0.13,-0.59,-0.31,21.69,-72.32,43.7,73.35,1755700008.9137495,15:26:48
19827.0,92.0,89.0,100.0,3.0,-6.6,-0.33,7.73,0.05,-0.22,-0.34,21.69,-72.46,43.7,73.51,1755700008.9621472,15:26:48
19848.0,92.0,89.0,100.0,3.0,-6.96,-0.67,8.13,0.01,-0.21,-0.44,21.68,-72.61,43.69,73.67,1755700009.0141628,15:26:49
19869.0,92.0,89.0,100.0,3.0,-6.62,-0.63,7.93,0.14,-0.94,-0.57,21.68,-72.75,43.67,73.84,1755700009.0769472,15:26:49
19890.0,92.0,89.0,100.0,3.0,-5.32,-0.24,7.44,0.2,-1.26,-0.49,21.68,-72.87,43.66,74.0,1755700009.21912,15:26:49
19911.0,92.0,89.0,100.0,3.0,-6.22,-0.06,7.41,-0.02,-0.53,-0.21,21.67,-72.99,43.66,74.16,1755700009.2703874,15:26:49
19932.0,92.0,89.0,100.0,3.0,-5.86,-0.51,7.82,0.06,-0.22,-0.17,21.67,-73.12,43.65,74.32,1755700009.3409843,15:26:49
19953.0,92.0,89.0,100.0,3.0,-5.43,-0.44,8.03,0.08,-0.46,-0.27,21.68,-73.24,43.64,74.48,1755700009.437166,15:26:49
19974.0,92.0,89.0,100.0,3.0,-4.98,-0.24,7.96,0.05,-0.37,0.0,21.66,-73.35,43.64,74.65,1755700009.5240846,15:26:49
19995.0,92.0,89.0,100.0,3.0,-5.22,-0.4,8.03,-0.15,0.33,0.28,21.67,-73.46,43.63,74.82,1755700009.6276388,15:26:49
20016.0,92.0,89.0,100.0,3.0,-5.95,-0.73,7.8,-0.21,0.73,0.52,21.69,-73.57,43.62,74.99,1755700009.6885216,15:26:49
20038.0,92.0,89.0,100.0,3.0,-5.54,-0.62,7.56,-0.24,0.87,0.7,21.67,-73.7,43.6,75.16,1755700009.8438249,15:26:49
20059.0,93.0,89.0,99.0,3.0,-7.15,-0.56,7.38,-0.46,1.35,0.73,21.66,-73.83,43.59,75.31,1755700009.940317,15:26:49
20080.0,93.0,89.0,99.0,3.0,-7.96,-0.49,7.5,-0.35,1.03,0.48,21.67,-73.99,43.58,75.47,1755700010.0534394,15:26:50
20101.0,93.0,89.0,99.0,3.0,-7.69,-0.38,7.07,-0.08,-0.16,0.05,21.67,-74.16,43.57,75.62,1755700010.1426122,15:26:50
20123.0,93.0,89.0,99.0,3.0,-7.24,0.1,7.24,-0.01,-0.43,-0.32,21.69,-74.32,43.57,75.78,1755700010.195305,15:26:50
20144.0,93.0,89.0,99.0,3.0,-6.8,-0.01,7.89,-0.04,-0.34,-0.46,21.68,-74.47,43.57,75.94,1755700010.344359,15:26:50
20165.0,0.0,0.0,0.0,0.0,-6.9,-0.64,8.31,0.08,-1.04,-0.81,21.68,-74.61,43.56,76.11,1755700010.4474118,15:26:50
20205.0,93.0,89.0,99.0,3.0,-4.57,-0.44,7.52,0.23,-1.34,-0.45,21.68,-74.84,43.54,76.42,1755700010.499171,15:26:50
20227.0,93.0,89.0,99.0,3.0,-5.26,-0.53,7.69,-0.1,-0.4,-0.01,21.67,-74.95,43.53,76.59,1755700010.6528249,15:26:50
20248.0,93.0,89.0,99.0,3.0,-6.08,-1.25,8.16,-0.12,0.14,-0.1,21.67,-75.07,43.51,76.76,1755700010.7046638,15:26:50
20269.0,93.0,89.0,99.0,3.0,-5.46,-0.84,7.95,0.18,-0.94,-0.46,21.68,-75.19,43.49,76.93,1755700010.7561665,15:26:50
20290.0,93.0,89.0,99.0,3.0,-4.52,-0.28,7.58,0.12,-0.76,-0.2,21.67,-75.3,43.48,77.09,1755700010.855752,15:26:50
20311.0,93.0,89.0,99.0,3.0,-4.99,-0.47,7.87,-0.22,0.66,0.29,21.68,-75.4,43.47,77.25,1755700010.9192452,15:26:50
20332.0,0.0,0.0,0.0,0.0,-6.68,-0.06,8.65,-0.35,1.07,-0.04,21.68,-75.52,43.46,77.43,1755700011.0676486,15:26:51
20372.0,0.0,0.0,0.0,0.0,-4.07,1.84,6.58,0.27,-0.31,0.2,21.68,-75.73,43.5,77.73,1755700011.1643932,15:26:51
20412.0,93.0,89.0,99.0,3.0,-4.92,0.4,7.91,-0.52,3.17,1.88,21.68,-75.91,43.54,78.02,1755700011.2673965,15:26:51
20434.0,93.0,89.0,99.0,3.0,-9.39,-2.06,9.44,-0.6,3.35,2.17,21.68,-76.07,43.53,78.21,1755700011.314851,15:26:51
20455.0,93.0,89.0,99.0,3.0,-8.75,-2.43,8.71,0.15,-0.05,0.88,21.68,-76.26,43.48,78.4,1755700011.367151,15:26:51
20476.0,93.0,89.0,99.0,3.0,-6.85,-1.13,7.06,0.21,-1.33,0.43,21.69,-76.42,43.44,78.57,1755700011.4185805,15:26:51
20498.0,93.0,89.0,99.0,3.0,-6.44,-0.03,6.76,-0.03,0.05,0.72,21.69,-76.57,43.43,78.72,1755700011.572139,15:26:51
20519.0,93.0,89.0,99.0,3.0,-6.59,-0.14,6.94,-0.36,1.84,0.69,21.68,-76.71,43.43,78.86,1755700011.692332,15:26:51
20540.0,93.0,89.0,99.0,3.0,-8.12,-0.25,7.32,-0.48,2.23,0.26,21.69,-76.86,43.42,79.01,1755700011.776772,15:26:51
20561.0,93.0,90.0,99.0,3.0,-8.35,-0.11,7.09,-0.22,0.83,-0.21,21.69,-77.04,43.42,79.16,1755700011.881877,15:26:51
20582.0,93.0,90.0,99.0,3.0,-6.92,0.85,6.27,0.08,-0.43,-0.33,21.66,-77.2,43.43,79.3,1755700011.928082,15:26:51
20603.0,93.0,90.0,99.0,3.0,-7.11,1.07,5.98,0.0,-0.23,0.07,21.68,-77.34,43.45,79.43,1755700011.980062,15:26:51
20624.0,93.0,90.0,99.0,3.0,-7.71,0.42,6.22,-0.11,0.56,0.37,21.69,-77.5,43.46,79.56,1755700012.0297074,15:26:52
20646.0,93.0,90.0,99.0,3.0,-8.04,-0.55,6.33,0.08,-0.09,0.07,21.68,-77.67,43.46,79.7,1755700012.2017212,15:26:52
20667.0,93.0,90.0,99.0,3.0,-6.97,-0.54,6.36,0.35,-1.24,-0.36,21.67,-77.83,43.45,79.83,1755700012.2895792,15:26:52
20688.0,93.0,90.0,99.0,3.0,-6.28,-0.3,6.22,0.28,-1.31,-0.34,21.68,-77.97,43.44,79.96,1755700012.3924625,15:26:52
20709.0,93.0,90.0,99.0,3.0,-6.27,-0.39,6.43,0.15,-0.65,-0.08,21.68,-78.1,43.43,80.1,1755700012.4420607,15:26:52
20730.0,93.0,90.0,99.0,3.0,-6.45,-0.84,6.78,0.11,-0.46,-0.08,21.67,-78.23,43.42,80.24,1755700012.4948874,15:26:52
20752.0,93.0,90.0,99.0,3.0,-7.31,-0.59,7.14,0.13,-0.75,-0.44,21.66,-78.39,43.4,80.39,1755700012.5441513,15:26:52
20773.0,93.0,90.0,99.0,3.0,-7.43,-0.2,7.48,0.18,-1.01,-0.61,21.68,-78.54,43.4,80.54,1755700012.5952516,15:26:52
20795.0,93.0,90.0,99.0,3.0,-7.1,0.25,8.2,0.12,-0.93,-0.57,21.7,-78.7,43.4,80.71,1755700012.6485193,15:26:52
20816.0,93.0,90.0,99.0,3.0,-6.52,0.71,8.39,0.11,-0.74,-0.53,21.69,-78.84,43.41,80.89,1755700012.7143033,15:26:52
20838.0,93.0,90.0,99.0,3.0,-6.08,1.24,7.95,0.1,-0.43,-0.39,21.68,-78.98,43.43,81.07,1755700012.8056023,15:26:52
20859.0,93.0,90.0,99.0,3.0,-6.11,1.41,7.83,-0.06,0.2,-0.16,21.7,-79.11,43.46,81.23,1755700012.9094324,15:26:52
20880.0,93.0,90.0,99.0,3.0,-6.79,1.23,8.37,-0.19,0.87,0.03,21.68,-79.25,43.48,81.4,1755700012.9619856,15:26:52
20901.0,93.0,90.0,99.0,3.0,-7.69,0.57,8.87,-0.23,0.92,-0.07,21.68,-79.4,43.5,81.59,1755700013.014759,15:26:53
20922.0,93.0,90.0,99.0,3.0,-7.37,0.15,8.81,0.02,-0.23,-0.35,21.7,-79.56,43.51,81.77,1755700013.077642,15:26:53
20944.0,93.0,90.0,99.0,3.0,-5.95,0.31,7.88,0.13,-0.97,-0.41,21.71,-79.7,43.52,81.95,1755700013.1262133,15:26:53
20965.0,93.0,90.0,99.0,3.0,-5.2,0.36,7.42,-0.03,-0.32,-0.2,21.69,-79.82,43.52,82.12,1755700013.173817,15:26:53
20986.0,93.0,90.0,99.0,3.0,-5.73,0.14,7.16,-0.21,0.55,0.04,21.68,-79.93,43.53,82.27,1755700013.2211142,15:26:53
21008.0,93.0,90.0,99.0,3.0,-6.84,-0.41,7.57,-0.22,0.83,0.18,21.68,-80.07,43.52,82.43,1755700013.2709234,15:26:53
21029.0,93.0,90.0,99.0,3.0,-7.2,-0.65,7.57,-0.1,0.22,-0.11,21.69,-80.22,43.51,82.59,1755700013.3210757,15:26:53
21050.0,93.0,90.0,99.0,3.0,-6.75,-0.55,7.61,-0.04,-0.27,-0.29,21.69,-80.37,43.5,82.75,1755700013.4175634,15:26:53
21072.0,93.0,90.0,99.0,3.0,-6.15,-0.44,7.48,-0.03,-0.34,-0.3,21.68,-80.51,43.49,82.92,1755700013.5259252,15:26:53
21093.0,92.0,88.0,100.0,3.0,-5.95,-0.25,7.43,-0.09,-0.05,-0.21,21.67,-80.63,43.48,83.07,1755700013.6211789,15:26:53
21114.0,92.0,88.0,100.0,3.0,-5.95,-0.41,7.45,-0.14,0.23,-0.09,21.67,-80.76,43.48,83.23,1755700013.6734111,15:26:53
21135.0,92.0,88.0,100.0,3.0,-6.22,-0.26,7.26,-0.13,0.33,-0.01,21.68,-80.89,43.47,83.38,1755700013.7238119,15:26:53
21157.0,92.0,88.0,100.0,3.0,-6.44,-0.12,7.21,-0.13,0.48,-0.01,21.67,-81.03,43.46,83.54,1755700013.7914243,15:26:53
21178.0,92.0,88.0,100.0,3.0,-6.8,-0.09,7.78,-0.22,0.69,-0.04,21.69,-81.17,43.46,83.7,1755700013.8430147,15:26:53
21199.0,92.0,88.0,100.0,3.0,-7.29,-0.36,8.12,-0.17,0.6,-0.07,21.69,-81.31,43.46,83.87,1755700013.901258,15:26:53
21220.0,92.0,88.0,100.0,3.0,-6.42,-0.47,7.88,-0.07,0.07,-0.12,21.69,-81.46,43.45,84.03,1755700014.0324264,15:26:54
21242.0,92.0,88.0,100.0,3.0,-6.09,-0.44,7.38,-0.13,-0.0,0.0,21.68,-81.59,43.44,84.2,1755700014.0958915,15:26:54
21263.0,92.0,88.0,100.0,3.0,-6.18,-0.44,7.35,-0.28,0.49,0.19,21.68,-81.72,43.43,84.36,1755700014.2382257,15:26:54
21284.0,92.0,88.0,100.0,3.0,-6.34,-0.76,7.61,-0.42,0.85,0.21,21.7,-81.86,43.42,84.51,1755700014.2877173,15:26:54
21305.0,92.0,88.0,100.0,3.0,-6.25,-0.83,7.5,-0.39,0.52,0.17,21.68,-81.99,43.4,84.67,1755700014.3417542,15:26:54
21326.0,92.0,88.0,100.0,3.0,-6.49,-0.75,7.28,-0.4,0.09,0.16,21.68,-82.12,43.38,84.83,1755700014.3951092,15:26:54
21347.0,92.0,88.0,100.0,3.0,-6.58,-0.86,7.2,-0.41,0.09,0.19,21.68,-82.26,43.37,84.98,1755700014.4439466,15:26:54
21369.0,92.0,88.0,100.0,3.0,-6.76,-0.83,7.33,-0.51,0.13,0.18,21.69,-82.4,43.35,85.14,1755700014.5733254,15:26:54
21390.0,92.0,88.0,100.0,3.0,-7.08,-0.79,7.25,-0.49,0.03,0.15,21.67,-82.55,43.33,85.29,1755700014.6467445,15:26:54
21411.0,92.0,88.0,100.0,3.0,-7.05,-0.88,7.03,-0.44,-0.15,0.15,21.68,-82.7,43.31,85.44,1755700014.8733718,15:26:54
21432.0,92.0,88.0,100.0,3.0,-6.73,-0.74,6.85,-0.41,-0.23,0.13,21.68,-82.84,43.3,85.59,1755700014.9251163,15:26:54
21454.0,92.0,88.0,100.0,3.0,-6.72,-0.76,6.91,-0.47,-0.08,0.11,21.68,-82.99,43.28,85.74,1755700014.9768045,15:26:54
21475.0,92.0,88.0,100.0,3.0,-7.12,-0.84,7.01,-0.45,-0.08,0.1,21.69,-83.14,43.26,85.89,1755700015.0546343,15:26:55
21496.0,92.0,88.0,100.0,3.0,-6.89,-0.96,6.82,-0.34,-0.37,0.09,21.68,-83.28,43.24,86.03,1755700015.1044369,15:26:55
21517.0,92.0,88.0,100.0,3.0,-6.55,-0.87,6.56,-0.32,-0.53,0.07,21.69,-83.42,43.23,86.17,1755700015.2630396,15:26:55
21538.0,92.0,88.0,100.0,3.0,-6.34,-0.8,6.6,-0.31,-0.4,0.12,21.69,-83.56,43.21,86.31,1755700015.3251982,15:26:55
21560.0,92.0,88.0,100.0,3.0,-5.96,-0.97,6.74,-0.3,-0.25,0.24,21.67,-83.7,43.19,86.46,1755700015.4682503,15:26:55
21581.0,92.0,88.0,100.0,3.0,-5.54,-1.02,6.54,-0.22,-0.28,0.34,21.67,-83.82,43.17,86.6,1755700015.569682,15:26:55
21602.0,92.0,88.0,100.0,3.0,-5.07,-1.0,5.93,-0.16,-0.32,0.45,21.69,-83.93,43.15,86.73,1755700015.6171014,15:26:55
21624.0,92.0,88.0,100.0,3.0,-4.07,-0.65,5.52,-0.13,-0.22,0.61,21.69,-84.03,43.13,86.85,1755700015.668083,15:26:55
21645.0,92.0,88.0,100.0,3.0,-3.54,-0.57,4.95,-0.47,0.09,0.9,21.68,-84.11,43.11,86.96,1755700015.8754952,15:26:55
21666.0,92.0,88.0,100.0,3.0,-4.11,-0.5,4.87,-0.14,0.12,1.34,21.67,-84.19,43.1,87.07,1755700015.9772503,15:26:55
21687.0,92.0,88.0,100.0,3.0,-6.52,0.0,6.14,0.72,0.61,1.49,21.69,-84.3,43.1,87.18,1755700016.0806668,15:26:56
21708.0,92.0,88.0,100.0,3.0,-6.43,0.43,7.03,0.23,1.49,0.82,21.67,-84.44,43.1,87.32,1755700016.179081,15:26:56
21729.0,92.0,88.0,100.0,3.0,-6.52,0.66,6.37,0.12,0.57,0.68,21.69,-84.57,43.11,87.46,1755700016.2289941,15:26:56
21750.0,92.0,88.0,100.0,3.0,-8.0,1.9,6.13,0.3,-0.31,1.07,21.67,-84.72,43.14,87.59,1755700016.3865519,15:26:56
21772.0,92.0,88.0,100.0,3.0,-9.03,2.26,6.48,0.2,0.45,1.5,21.68,-84.91,43.19,87.73,1755700016.4920266,15:26:56
21793.0,92.0,88.0,100.0,3.0,-9.91,2.12,7.13,-0.01,1.39,1.51,21.68,-85.11,43.23,87.87,1755700016.553532,15:26:56
21814.0,92.0,88.0,100.0,3.0,-10.07,1.91,7.58,-0.01,1.32,1.11,21.68,-85.32,43.28,88.03,1755700016.6045814,15:26:56
21835.0,92.0,88.0,100.0,3.0,-9.9,1.98,7.21,0.12,0.41,0.71,21.69,-85.53,43.32,88.18,1755700016.6673377,15:26:56
21857.0,92.0,88.0,100.0,3.0,-9.12,1.97,6.13,0.36,-0.46,0.53,21.68,-85.74,43.36,88.33,1755700016.7267826,15:26:56
21879.0,92.0,88.0,100.0,3.0,-8.91,1.86,6.41,0.27,-0.56,0.61,21.67,-85.94,43.4,88.47,1755700016.7764297,15:26:56
21900.0,92.0,88.0,100.0,3.0,-8.77,1.62,6.9,0.13,-0.23,0.37,21.69,-86.12,43.44,88.61,1755700016.8312082,15:26:56
21922.0,92.0,88.0,100.0,3.0,-8.12,1.58,6.49,0.16,-0.25,0.1,21.69,-86.31,43.47,88.75,1755700017.011679,15:26:57
21943.0,92.0,88.0,100.0,3.0,-7.74,1.82,6.06,0.01,-0.25,0.11,21.69,-86.48,43.51,88.89,1755700017.1044087,15:26:57
21965.0,92.0,88.0,100.0,3.0,-7.77,1.58,5.78,-0.22,0.05,0.27,21.7,-86.65,43.55,89.02,1755700017.166256,15:26:57
21988.0,92.0,88.0,100.0,3.0,-7.91,1.28,5.95,-0.09,0.03,0.34,21.69,-86.83,43.58,89.15,1755700017.2173371,15:26:57
22009.0,92.0,88.0,100.0,3.0,-7.92,1.09,6.11,-0.16,0.09,0.18,21.68,-86.99,43.6,89.28,1755700017.309779,15:26:57
22030.0,92.0,88.0,100.0,3.0,-7.63,1.29,6.07,-0.15,0.1,0.01,21.67,-87.16,43.63,89.41,1755700017.3590374,15:26:57
22051.0,92.0,88.0,100.0,3.0,-7.49,1.55,5.93,-0.2,0.16,0.05,21.69,-87.31,43.66,89.53,1755700017.4108891,15:26:57
22072.0,92.0,88.0,100.0,3.0,-7.44,1.46,6.05,-0.21,0.16,0.25,21.68,-87.47,43.69,89.66,1755700017.5135932,15:26:57
22093.0,92.0,88.0,100.0,3.0,-7.21,1.41,6.04,-0.37,0.13,0.3,21.68,-87.63,43.72,89.78,1755700017.6203332,15:26:57
22114.0,92.0,88.0,100.0,3.0,-7.46,1.42,6.32,-0.35,0.08,0.34,21.69,-87.78,43.75,89.91,1755700017.7187853,15:26:57
22135.0,92.0,88.0,100.0,3.0,-6.81,1.38,6.32,-0.39,0.16,0.36,21.68,-87.93,43.78,90.05,1755700017.8186939,15:26:57
22156.0,92.0,88.0,100.0,3.0,-6.17,1.32,6.04,-0.31,0.0,0.4,21.69,-88.07,43.81,90.18,1755700017.9245203,15:26:57
22177.0,92.0,88.0,100.0,3.0,-5.55,1.34,5.83,-0.32,-0.21,0.53,21.7,-88.19,43.84,90.3,1755700017.97147,15:26:57
22198.0,92.0,88.0,100.0,3.0,-6.31,1.15,5.82,-0.23,-0.49,0.73,21.67,-88.31,43.86,90.42,1755700018.0261812,15:26:58
22219.0,92.0,88.0,100.0,3.0,-7.22,1.24,6.45,0.02,-0.36,0.78,21.66,-88.46,43.89,90.55,1755700018.1310086,15:26:58
22240.0,92.0,88.0,100.0,3.0,-7.24,0.93,6.54,0.06,-0.18,0.52,21.68,-88.61,43.91,90.69,1755700018.2296848,15:26:58
22261.0,92.0,88.0,100.0,3.0,-7.33,1.14,6.87,0.02,-0.24,0.26,21.69,-88.76,43.93,90.83,1755700018.2783768,15:26:58
22283.0,92.0,88.0,100.0,3.0,-7.37,1.23,7.0,0.06,-0.42,0.26,21.68,-88.92,43.96,90.98,1755700018.3325043,15:26:58
22305.0,92.0,88.0,100.0,3.0,-6.71,1.37,6.79,0.2,-0.88,0.27,21.68,-89.08,43.99,91.13,1755700018.4623208,15:26:58
22326.0,92.0,88.0,100.0,3.0,-6.13,1.86,6.61,0.1,-0.91,0.23,21.68,-89.21,44.02,91.27,1755700018.5391176,15:26:58
22347.0,92.0,88.0,100.0,3.0,-6.21,1.98,6.1,-0.11,-0.58,0.43,21.68,-89.34,44.06,91.41,1755700018.6383014,15:26:58
22369.0,92.0,88.0,100.0,3.0,-5.87,1.97,6.2,0.14,-0.54,0.68,21.68,-89.47,44.1,91.54,1755700018.6967695,15:26:58
22390.0,92.0,88.0,100.0,3.0,-7.55,1.4,7.09,0.51,-0.38,0.69,21.69,-89.62,44.14,91.68,1755700018.749305,15:26:58
22412.0,92.0,88.0,100.0,3.0,-8.69,1.35,8.61,0.26,-0.04,0.2,21.69,-89.79,44.17,91.86,1755700018.8119888,15:26:58
22433.0,92.0,88.0,100.0,3.0,-8.3,1.65,8.55,0.17,-0.54,-0.45,21.67,-89.97,44.2,92.04,1755700018.8762712,15:26:58
22454.0,92.0,88.0,100.0,3.0,-7.32,2.62,8.36,0.12,-0.7,-0.6,21.68,-90.14,44.25,92.21,1755700018.9240434,15:26:58
22476.0,92.0,88.0,100.0,3.0,-5.7,3.24,7.92,-0.01,-0.13,-0.64,21.7,-90.28,44.31,92.39,1755700018.9701366,15:26:58
22497.0,92.0,88.0,100.0,3.0,-5.14,3.49,8.03,-0.16,0.32,-0.64,21.68,-90.39,44.38,92.56,1755700019.022437,15:26:59
22518.0,92.0,88.0,100.0,3.0,-5.94,3.42,8.31,-0.19,0.28,-0.18,21.67,-90.51,44.45,92.73,1755700019.0920408,15:26:59
22540.0,92.0,88.0,100.0,3.0,-6.01,2.7,7.87,0.06,-0.28,0.25,21.7,-90.64,44.52,92.91,1755700019.1506925,15:26:59
22561.0,92.0,88.0,100.0,3.0,-5.8,2.25,7.64,0.05,-0.38,0.36,21.67,-90.76,44.57,93.07,1755700019.211728,15:26:59
22582.0,92.0,88.0,100.0,3.0,-6.1,2.06,7.73,-0.05,0.14,0.28,21.69,-90.89,44.62,93.23,1755700019.2596471,15:26:59
22603.0,92.0,88.0,100.0,3.0,-6.04,2.09,7.6,-0.06,0.36,-0.0,21.69,-91.02,44.66,93.39,1755700019.3289087,15:26:59
22624.0,92.0,88.0,100.0,3.0,-6.41,2.38,7.25,-0.02,0.22,-0.12,21.69,-91.15,44.71,93.55,1755700019.3974285,15:26:59
22645.0,92.0,88.0,100.0,3.0,-6.7,2.7,7.02,0.01,0.06,-0.03,21.69,-91.29,44.76,93.7,1755700019.567089,15:26:59
22666.0,92.0,88.0,100.0,3.0,-6.6,2.73,6.92,-0.09,-0.03,-0.04,21.69,-91.43,44.82,93.85,1755700019.6159468,15:26:59
22688.0,92.0,88.0,100.0,3.0,-6.63,2.65,6.94,-0.04,-0.14,-0.03,21.69,-91.57,44.88,94.0,1755700019.6661925,15:26:59
22709.0,92.0,88.0,100.0,3.0,-6.59,2.49,7.07,-0.08,-0.18,0.02,21.69,-91.71,44.93,94.15,1755700019.7456195,15:26:59
22730.0,92.0,88.0,100.0,3.0,-6.48,2.32,7.19,-0.08,-0.17,0.07,21.68,-91.85,44.98,94.3,1755700019.8671727,15:26:59
22751.0,92.0,88.0,100.0,3.0,-6.35,2.31,7.25,-0.08,-0.13,0.08,21.68,-91.98,45.03,94.45,1755700019.9746985,15:26:59
22772.0,92.0,88.0,100.0,3.0,-6.25,2.36,7.3,-0.13,-0.02,0.12,21.69,-92.11,45.08,94.6,1755700020.0714672,15:27:00
22795.0,92.0,88.0,100.0,3.0,-6.15,2.43,7.34,-0.1,0.11,0.13,21.7,-92.26,45.14,94.77,1755700020.1792994,15:27:00
22816.0,92.0,88.0,100.0,3.0,-6.14,2.56,7.5,-0.2,0.18,0.09,21.7,-92.39,45.19,94.92,1755700020.2333422,15:27:00
22837.0,92.0,88.0,100.0,3.0,-6.12,2.6,7.52,-0.16,0.07,0.1,21.69,-92.51,45.24,95.08,1755700020.3979166,15:27:00
22858.0,92.0,88.0,100.0,3.0,-6.01,2.4,7.43,-0.1,-0.01,0.16,21.69,-92.64,45.3,95.24,1755700020.6102047,15:27:00
22880.0,92.0,88.0,100.0,3.0,-6.31,2.23,7.51,-0.08,0.01,0.19,21.68,-92.78,45.35,95.4,1755700020.6890585,15:27:00
22902.0,92.0,88.0,100.0,3.0,-6.24,2.32,7.4,-0.04,-0.04,0.01,21.68,-92.92,45.4,95.57,1755700020.7466002,15:27:00
22923.0,92.0,88.0,100.0,3.0,-6.07,2.5,7.29,-0.02,-0.04,-0.04,21.68,-93.04,45.45,95.72,1755700020.7958174,15:27:00
22944.0,92.0,88.0,100.0,3.0,-6.15,2.52,7.44,-0.02,0.05,0.07,21.69,-93.17,45.5,95.88,1755700020.8457296,15:27:00
22965.0,92.0,88.0,100.0,3.0,-6.06,2.38,7.54,0.01,0.05,0.07,21.69,-93.3,45.55,96.03,1755700021.0144234,15:27:01
22986.0,92.0,88.0,100.0,3.0,-6.23,2.4,7.41,0.05,-0.07,0.04,21.69,-93.43,45.6,96.19,1755700021.1028442,15:27:01
23008.0,92.0,88.0,100.0,3.0,-6.18,2.43,7.3,-0.01,-0.06,0.05,21.71,-93.57,45.65,96.35,1755700021.201429,15:27:01
23029.0,92.0,88.0,100.0,3.0,-6.06,2.39,7.31,0.05,-0.04,0.02,21.68,-93.7,45.71,96.51,1755700021.301358,15:27:01
23050.0,92.0,88.0,100.0,3.0,-6.04,2.49,7.38,0.11,-0.02,-0.03,21.69,-93.82,45.76,96.66,1755700021.372829,15:27:01
23072.0,92.0,88.0,100.0,3.0,-6.08,2.47,7.39,0.09,-0.06,0.0,21.68,-93.96,45.81,96.82,1755700021.4222512,15:27:01
23093.0,92.0,88.0,100.0,3.0,-6.28,2.48,7.46,0.08,-0.1,0.08,21.7,-94.09,45.86,96.98,1755700021.4723358,15:27:01
23114.0,92.0,88.0,100.0,3.0,-6.1,2.4,7.37,0.09,-0.17,0.01,21.71,-94.22,45.91,97.13,1755700021.5241408,15:27:01
23135.0,92.0,88.0,100.0,3.0,-6.07,2.49,7.38,0.15,-0.14,0.01,21.69,-94.34,45.97,97.29,1755700021.6147592,15:27:01
23156.0,92.0,88.0,100.0,3.0,-6.16,2.44,7.33,0.22,-0.12,0.06,21.68,-94.47,46.02,97.44,1755700021.6677215,15:27:01
23177.0,92.0,88.0,100.0,3.0,-6.07,2.4,7.46,0.29,-0.1,0.05,21.69,-94.6,46.07,97.6,1755700021.7154286,15:27:01
23199.0,92.0,88.0,100.0,3.0,-6.12,2.61,7.54,0.28,-0.08,-0.02,21.67,-94.73,46.12,97.76,1755700021.764724,15:27:01
23220.0,92.0,88.0,100.0,3.0,-5.83,2.79,7.66,0.25,-0.06,-0.02,21.67,-94.86,46.18,97.92,1755700021.824717,15:27:01
23241.0,92.0,88.0,100.0,3.0,-5.69,3.02,7.55,0.26,-0.08,-0.12,21.68,-94.98,46.24,98.08,1755700021.9249358,15:27:01
23262.0,92.0,88.0,100.0,3.0,-5.91,3.1,7.64,0.19,0.06,-0.04,21.71,-95.1,46.31,98.24,1755700021.9881194,15:27:01
23283.0,92.0,88.0,100.0,3.0,-5.99,3.03,7.42,0.2,-0.01,0.08,21.69,-95.23,46.37,98.4,1755700022.042073,15:27:02
23305.0,92.0,88.0,100.0,3.0,-6.06,2.91,7.38,0.16,-0.13,0.11,21.69,-95.36,46.43,98.56,1755700022.1210287,15:27:02
23326.0,92.0,88.0,100.0,3.0,-6.2,2.81,7.17,0.06,-0.08,0.08,21.69,-95.49,46.49,98.72,1755700022.2245238,15:27:02
23347.0,92.0,88.0,100.0,3.0,-5.96,2.96,7.22,0.16,-0.07,-0.03,21.69,-95.62,46.56,98.87,1755700022.2793653,15:27:02
23368.0,92.0,88.0,100.0,3.0,-6.02,3.08,7.32,0.27,-0.0,-0.09,21.68,-95.74,46.62,99.02,1755700022.339773,15:27:02
23389.0,92.0,88.0,100.0,3.0,-5.75,3.16,7.41,0.08,0.08,-0.14,21.67,-95.87,46.68,99.17,1755700022.3895113,15:27:02
23411.0,92.0,88.0,100.0,3.0,-5.99,3.15,7.35,0.03,0.01,0.01,21.67,-95.99,46.75,99.34,1755700022.530767,15:27:02
23432.0,92.0,88.0,100.0,3.0,-6.02,3.06,7.27,0.02,-0.08,0.13,21.69,-96.12,46.82,99.49,1755700022.6344361,15:27:02
23453.0,92.0,88.0,100.0,3.0,-6.06,2.92,7.21,-0.06,-0.05,0.06,21.7,-96.25,46.88,99.64,1755700022.6968582,15:27:02
23474.0,0.0,88.0,0.0,3.0,-5.88,2.98,7.3,0.07,-0.0,-0.04,21.69,-96.37,46.94,99.79,1755700022.8387554,15:27:02
23495.0,0.0,88.0,0.0,3.0,-5.99,3.1,7.41,0.02,0.09,-0.03,21.69,-96.5,47.01,99.95,1755700022.887243,15:27:02
23516.0,0.0,88.0,0.0,3.0,-5.92,3.08,7.46,0.01,0.01,0.03,21.7,-96.62,47.07,100.11,1755700022.9496636,15:27:02
23537.0,0.0,88.0,0.0,3.0,-5.81,3.05,7.42,0.01,0.02,0.02,21.69,-96.75,47.14,100.26,1755700023.0425782,15:27:03
23558.0,0.0,88.0,0.0,3.0,-6.06,3.01,7.37,0.01,0.07,0.04,21.69,-96.87,47.2,100.42,1755700023.145246,15:27:03
23579.0,0.0,88.0,0.0,3.0,-6.06,2.99,7.35,0.05,-0.01,0.04,21.68,-97.0,47.26,100.57,1755700023.246982,15:27:03
23600.0,0.0,88.0,0.0,3.0,-6.1,2.99,7.33,0.05,-0.03,0.01,21.69,-97.13,47.33,100.73,1755700023.2949953,15:27:03
23622.0,0.0,0.0,0.0,0.0,-5.88,3.11,7.23,0.06,-0.03,-0.05,21.68,-97.26,47.39,100.89,1755700023.3531146,15:27:03
23662.0,0.0,0.0,0.0,0.0,-6.05,3.07,7.29,0.08,0.07,0.04,21.69,-97.5,47.52,101.18,1755700023.4020426,15:27:03
23702.0,0.0,88.0,0.0,3.0,-5.93,3.11,7.35,0.04,0.03,-0.01,21.69,-97.74,47.64,101.47,1755700023.4521186,15:27:03
23724.0,0.0,88.0,0.0,3.0,-5.87,3.24,7.31,0.01,0.05,-0.05,21.69,-97.87,47.71,101.63,1755700023.554088,15:27:03
23745.0,0.0,88.0,0.0,3.0,-5.81,3.28,7.3,-0.02,0.08,-0.01,21.69,-97.99,47.78,101.78,1755700023.6049178,15:27:03
23767.0,0.0,88.0,0.0,3.0,-5.98,3.18,7.28,-0.02,0.06,0.02,21.7,-98.12,47.85,101.94,1755700023.6556852,15:27:03
23788.0,0.0,88.0,0.0,3.0,-6.07,3.1,7.3,-0.03,0.04,0.01,21.71,-98.24,47.92,102.1,1755700023.769851,15:27:03
23809.0,0.0,88.0,0.0,3.0,-6.09,3.08,7.27,-0.0,-0.01,-0.03,21.7,-98.37,47.98,102.25,1755700023.8215482,15:27:03
23831.0,0.0,88.0,0.0,3.0,-6.0,3.13,7.21,0.01,-0.02,-0.05,21.69,-98.5,48.05,102.41,1755700023.9675932,15:27:03
23852.0,0.0,88.0,0.0,3.0,-6.11,3.13,7.26,0.0,0.02,0.02,21.69,-98.63,48.12,102.56,1755700024.0428953,15:27:04
23873.0,0.0,88.0,0.0,3.0,-5.99,3.06,7.26,0.01,0.01,-0.01,21.7,-98.76,48.18,102.71,1755700024.094168,15:27:04
23895.0,0.0,88.0,0.0,3.0,-5.95,3.2,7.26,0.0,0.03,-0.04,21.7,-98.89,48.25,102.87,1755700024.1424613,15:27:04
23916.0,0.0,88.0,0.0,3.0,-6.0,3.22,7.24,0.01,0.04,0.01,21.7,-99.02,48.32,103.03,1755700024.274555,15:27:04
23938.0,0.0,88.0,0.0,3.0,-6.0,3.15,7.24,-0.06,0.04,0.05,21.7,-99.15,48.39,103.18,1755700024.3743284,15:27:04
23959.0,0.0,88.0,0.0,3.0,-6.05,3.09,7.16,-0.05,0.02,0.02,21.7,-99.27,48.45,103.34,1755700024.4375548,15:27:04
23980.0,0.0,88.0,0.0,3.0,-6.08,3.07,7.18,-0.0,0.08,0.03,21.71,-99.4,48.52,103.49,1755700024.5797708,15:27:04
24002.0,0.0,88.0,0.0,3.0,-5.98,3.17,7.28,0.05,0.09,-0.06,21.7,-99.53,48.59,103.65,1755700024.6837153,15:27:04
24023.0,0.0,88.0,0.0,3.0,-5.99,3.28,7.25,-0.02,0.05,-0.06,21.69,-99.66,48.65,103.8,1755700024.7954867,15:27:04
24044.0,0.0,88.0,0.0,3.0,-6.03,3.27,7.25,-0.08,0.04,0.04,21.69,-99.79,48.72,103.95,1755700024.8881083,15:27:04
24066.0,0.0,88.0,0.0,3.0,-6.07,3.09,7.2,-0.11,0.02,0.04,21.69,-99.92,48.79,104.11,1755700024.992568,15:27:04
24087.0,0.0,88.0,0.0,3.0,-6.16,3.05,7.15,-0.07,0.0,-0.01,21.69,-100.05,48.86,104.26,1755700025.0911603,15:27:05
24109.0,0.0,88.0,0.0,3.0,-6.02,3.13,7.14,-0.02,0.03,-0.07,21.7,-100.18,48.92,104.42,1755700025.141123,15:27:05
24130.0,92.0,88.0,99.0,3.0,-6.03,3.17,7.2,-0.0,0.02,-0.06,21.68,-100.31,48.99,104.57,1755700025.1923282,15:27:05
24151.0,92.0,88.0,99.0,3.0,-6.05,3.17,7.27,-0.07,0.03,-0.02,21.69,-100.44,49.06,104.72,1755700025.298787,15:27:05
24173.0,92.0,88.0,99.0,3.0,-6.11,3.08,7.22,-0.05,-0.02,-0.03,21.69,-100.57,49.13,104.88,1755700025.3556418,15:27:05
24194.0,92.0,88.0,99.0,3.0,-6.17,3.06,7.2,-0.08,-0.03,-0.01,21.69,-100.7,49.19,105.03,1755700025.4169397,15:27:05
24215.0,92.0,88.0,99.0,3.0,-6.11,3.02,7.2,-0.03,-0.03,-0.03,21.7,-100.83,49.25,105.18,1755700025.5104175,15:27:05
24236.0,92.0,88.0,99.0,3.0,-6.17,3.04,7.24,0.01,0.01,-0.02,21.68,-100.96,49.32,105.33,1755700025.6198163,15:27:05
24257.0,92.0,88.0,99.0,3.0,-6.11,3.06,7.28,0.0,-0.01,-0.03,21.71,-101.08,49.38,105.49,1755700025.7029417,15:27:05
24278.0,92.0,88.0,99.0,3.0,-6.1,3.1,7.19,-0.0,-0.07,-0.01,21.71,-101.21,49.45,105.64,1755700025.7526944,15:27:05
24299.0,92.0,88.0,99.0,3.0,-6.08,3.09,7.18,-0.02,-0.07,-0.0,21.7,-101.34,49.51,105.79,1755700025.804412,15:27:05
24321.0,92.0,88.0,99.0,3.0,-5.93,3.1,7.25,-0.01,-0.05,-0.03,21.7,-101.47,49.58,105.95,1755700025.8542197,15:27:05
24343.0,92.0,88.0,99.0,3.0,-6.07,3.13,7.26,-0.05,-0.0,-0.01,21.71,-101.6,49.65,106.11,1755700025.9057875,15:27:05
24364.0,92.0,88.0,99.0,3.0,-6.06,3.06,7.27,-0.03,-0.03,0.01,21.7,-101.73,49.71,106.26,1755700025.9608188,15:27:05
24386.0,92.0,88.0,99.0,3.0,-6.04,3.07,7.27,-0.03,-0.04,-0.0,21.69,-101.86,49.78,106.42,1755700026.114348,15:27:06
24407.0,92.0,88.0,99.0,3.0,-6.03,3.08,7.3,-0.03,-0.01,-0.01,21.7,-101.99,49.85,106.57,1755700026.2180579,15:27:06
24429.0,92.0,88.0,99.0,3.0,-6.01,3.08,7.31,-0.03,-0.02,-0.01,21.7,-102.12,49.91,106.73,1755700026.2687285,15:27:06
24450.0,92.0,88.0,99.0,3.0,-5.98,3.14,7.26,-0.04,-0.01,-0.01,21.69,-102.25,49.98,106.89,1755700026.318773,15:27:06
24471.0,92.0,88.0,99.0,3.0,-5.92,3.12,7.2,-0.06,0.01,-0.02,21.73,-102.37,50.04,107.04,1755700026.3691502,15:27:06
24493.0,92.0,88.0,99.0,3.0,-6.06,3.05,7.29,-0.09,0.05,0.01,21.72,-102.51,50.11,107.2,1755700026.421976,15:27:06
24514.0,92.0,88.0,99.0,3.0,-6.11,2.98,7.36,-0.07,0.02,0.01,21.69,-102.63,50.18,107.35,1755700026.524902,15:27:06
24535.0,92.0,88.0,99.0,3.0,-6.03,3.03,7.31,-0.04,-0.04,-0.01,21.69,-102.76,50.24,107.51,1755700026.6262817,15:27:06
24557.0,92.0,88.0,99.0,3.0,-6.04,3.04,7.24,-0.06,0.04,0.01,21.7,-102.89,50.31,107.67,1755700026.6771464,15:27:06
24578.0,92.0,88.0,99.0,3.0,-6.09,2.98,7.32,-0.07,0.04,0.04,21.7,-103.02,50.37,107.82,1755700026.8317344,15:27:06
24600.0,92.0,88.0,99.0,3.0,-6.04,3.02,7.29,-0.03,-0.03,0.0,21.68,-103.16,50.43,107.98,1755700026.884907,15:27:06
24621.0,92.0,88.0,99.0,3.0,-6.01,3.04,7.29,-0.05,0.01,0.02,21.69,-103.28,50.5,108.13,1755700026.9333477,15:27:06
24642.0,92.0,88.0,99.0,3.0,-6.11,3.0,7.33,-0.05,0.03,0.04,21.69,-103.41,50.56,108.29,1755700026.9831245,15:27:06
24663.0,92.0,88.0,99.0,3.0,-5.99,3.01,7.3,-0.02,-0.04,0.01,21.69,-103.54,50.62,108.44,1755700027.1434147,15:27:07
24684.0,92.0,88.0,99.0,3.0,-5.99,3.05,7.24,-0.04,0.01,0.01,21.69,-103.66,50.69,108.59,1755700027.205172,15:27:07
24705.0,92.0,88.0,99.0,3.0,-6.02,3.01,7.3,-0.06,0.04,0.02,21.69,-103.79,50.75,108.74,1755700027.2588258,15:27:07
24726.0,92.0,88.0,99.0,3.0,-6.03,3.03,7.34,-0.04,-0.01,-0.0,21.7,-103.91,50.82,108.9,1755700027.3205903,15:27:07
24748.0,92.0,88.0,99.0,3.0,-5.92,3.08,7.29,-0.05,0.0,-0.0,21.7,-104.05,50.88,109.06,1755700027.3737402,15:27:07
24769.0,92.0,88.0,99.0,3.0,-6.02,3.01,7.3,-0.07,0.04,0.01,21.69,-104.17,50.95,109.21,1755700027.439721,15:27:07
24791.0,92.0,88.0,99.0,3.0,-6.1,2.96,7.31,-0.06,0.03,0.02,21.68,-104.3,51.01,109.37,1755700027.5464087,15:27:07
24812.0,92.0,88.0,99.0,3.0,-6.05,3.0,7.3,-0.05,0.0,0.0,21.7,-104.43,51.07,109.53,1755700027.6497416,15:27:07
24833.0,92.0,88.0,99.0,3.0,-5.97,3.03,7.29,-0.06,0.02,0.0,21.7,-104.56,51.14,109.68,1755700027.7541502,15:27:07
24854.0,92.0,88.0,99.0,3.0,-6.06,3.0,7.3,-0.06,0.03,0.01,21.71,-104.68,51.2,109.83,1755700027.8554685,15:27:07
24875.0,92.0,88.0,99.0,3.0,-6.07,2.98,7.32,-0.04,-0.0,0.01,21.7,-104.81,51.26,109.99,1755700027.9144495,15:27:07
24896.0,92.0,88.0,99.0,3.0,-6.05,2.97,7.34,-0.05,-0.0,0.01,21.69,-104.94,51.33,110.14,1755700027.9658756,15:27:07
24917.0,92.0,88.0,99.0,3.0,-6.01,3.0,7.29,-0.05,0.01,0.01,21.69,-105.07,51.39,110.29,1755700028.0589683,15:27:08
24939.0,92.0,88.0,99.0,3.0,-6.09,2.98,7.33,-0.05,0.02,0.02,21.68,-105.2,51.45,110.46,1755700028.1167955,15:27:08
24960.0,92.0,88.0,99.0,3.0,-6.04,2.98,7.29,-0.03,-0.01,0.01,21.69,-105.33,51.52,110.61,1755700028.1727326,15:27:08
24981.0,92.0,88.0,99.0,3.0,-6.0,3.02,7.3,-0.04,0.01,0.01,21.71,-105.45,51.58,110.76,1755700028.2641325,15:27:08
25003.0,92.0,88.0,99.0,3.0,-6.0,3.0,7.32,-0.04,0.01,0.01,21.69,-105.59,51.65,110.92,1755700028.3179681,15:27:08
25024.0,92.0,88.0,99.0,3.0,-6.07,2.99,7.34,-0.04,0.0,0.0,21.69,-105.71,51.71,111.08,1755700028.3677578,15:27:08
25046.0,92.0,88.0,99.0,3.0,-6.03,3.02,7.36,-0.04,0.0,0.02,21.68,-105.85,51.78,111.24,1755700028.4173343,15:27:08
25067.0,92.0,88.0,99.0,3.0,-6.02,2.97,7.29,-0.04,-0.0,0.01,21.7,-105.97,51.84,111.39,1755700028.4684985,15:27:08
25088.0,92.0,88.0,99.0,3.0,-6.02,3.02,7.26,-0.06,0.02,0.01,21.7,-106.1,51.9,111.54,1755700028.575551,15:27:08
25110.0,92.0,88.0,99.0,3.0,-5.96,3.01,7.32,-0.07,0.04,0.01,21.72,-106.23,51.97,111.71,1755700028.6277962,15:27:08
25132.0,92.0,88.0,99.0,3.0,-6.07,2.94,7.28,-0.07,0.02,0.01,21.69,-106.36,52.03,111.87,1755700028.7835753,15:27:08
25154.0,92.0,88.0,99.0,3.0,-5.98,2.99,7.33,-0.06,0.0,0.01,21.69,-106.49,52.1,112.03,1755700028.8781724,15:27:08
25175.0,92.0,88.0,99.0,3.0,-6.07,2.95,7.31,-0.08,0.05,0.02,21.72,-106.62,52.16,112.18,1755700028.9314227,15:27:08
25196.0,92.0,88.0,99.0,3.0,-6.1,2.94,7.26,-0.09,0.04,0.03,21.7,-106.75,52.22,112.33,1755700028.9818656,15:27:08
25217.0,92.0,88.0,99.0,3.0,-5.98,3.04,7.23,-0.11,0.06,0.01,21.69,-106.88,52.29,112.49,1755700029.0298066,15:27:09
25238.0,92.0,88.0,99.0,3.0,-6.07,3.06,7.26,-0.16,0.12,0.02,21.7,-107.0,52.35,112.64,1755700029.1872113,15:27:09
25260.0,92.0,88.0,99.0,3.0,-5.94,2.95,7.31,-0.17,0.1,0.06,21.7,-107.13,52.42,112.8,1755700029.240068,15:27:09
25281.0,92.0,88.0,99.0,3.0,-6.11,2.85,7.36,-0.17,0.09,0.06,21.72,-107.26,52.48,112.95,1755700029.3995848,15:27:09
25303.0,92.0,88.0,99.0,3.0,-6.15,2.81,7.35,-0.15,0.07,0.05,21.7,-107.4,52.54,113.11,1755700029.4494429,15:27:09
25324.0,92.0,88.0,99.0,3.0,-6.1,2.77,7.35,-0.11,0.05,0.01,21.71,-107.52,52.6,113.27,1755700029.5022893,15:27:09
25345.0,92.0,88.0,99.0,3.0,-6.2,2.77,7.38,-0.08,0.03,0.03,21.71,-107.65,52.66,113.42,1755700029.5968893,15:27:09
25366.0,92.0,88.0,99.0,3.0,-6.1,2.74,7.42,-0.03,-0.02,0.02,21.71,-107.78,52.71,113.58,1755700029.698047,15:27:09
25387.0,92.0,88.0,99.0,3.0,-6.04,2.84,7.37,0.0,-0.06,-0.01,21.69,-107.91,52.77,113.73,1755700029.8077514,15:27:09
25408.0,92.0,88.0,99.0,3.0,-6.03,2.87,7.34,-0.0,-0.02,0.01,21.71,-108.04,52.83,113.89,1755700029.857692,15:27:09
25429.0,92.0,88.0,99.0,3.0,-6.1,2.84,7.34,0.01,-0.02,0.0,21.69,-108.16,52.89,114.04,1755700030.0079157,15:27:10
25451.0,92.0,88.0,99.0,3.0,-6.04,2.88,7.31,0.02,-0.05,-0.01,21.69,-108.3,52.96,114.2,1755700030.0641444,15:27:10
25472.0,92.0,88.0,99.0,3.0,-6.1,2.91,7.3,-0.0,-0.01,-0.0,21.69,-108.43,53.02,114.36,1755700030.1196358,15:27:10
25493.0,92.0,88.0,99.0,3.0,-6.08,2.9,7.32,-0.01,-0.01,0.0,21.69,-108.55,53.08,114.51,1755700030.210825,15:27:10
25514.0,92.0,88.0,99.0,3.0,-6.05,2.86,7.26,-0.01,-0.01,-0.01,21.7,-108.68,53.14,114.66,1755700030.3146806,15:27:10
25535.0,92.0,88.0,99.0,3.0,-6.08,2.91,7.36,-0.04,0.02,0.01,21.72,-108.81,53.2,114.82,1755700030.3682659,15:27:10
25557.0,92.0,88.0,99.0,3.0,-6.01,2.93,7.35,-0.03,0.01,0.0,21.69,-108.94,53.26,114.98,1755700030.4343758,15:27:10
25578.0,92.0,88.0,99.0,3.0,-6.07,2.88,7.31,-0.04,0.02,0.0,21.69,-109.07,53.32,115.13,1755700030.5277193,15:27:10
25599.0,92.0,88.0,99.0,3.0,-6.08,2.91,7.35,-0.04,0.02,0.01,21.69,-109.2,53.38,115.29,1755700030.6248233,15:27:10
25620.0,92.0,88.0,99.0,3.0,-6.1,2.86,7.33,-0.03,0.01,0.0,21.7,-109.32,53.45,115.44,1755700030.7262883,15:27:10
25642.0,92.0,88.0,99.0,3.0,-6.14,2.86,7.35,-0.02,0.0,0.02,21.72,-109.46,53.51,115.6,1755700030.8248503,15:27:10
25663.0,92.0,88.0,99.0,3.0,-6.06,2.86,7.31,-0.01,-0.02,0.01,21.7,-109.59,53.57,115.76,1755700030.9272258,15:27:10
25685.0,92.0,88.0,99.0,3.0,-6.05,2.9,7.29,-0.01,-0.01,0.02,21.71,-109.72,53.63,115.92,1755700030.97638,15:27:10
25706.0,92.0,88.0,99.0,3.0,-6.06,2.92,7.34,-0.02,0.01,0.03,21.71,-109.85,53.69,116.07,1755700031.1323357,15:27:11
25727.0,92.0,88.0,99.0,3.0,-6.03,2.85,7.37,-0.01,-0.0,0.02,21.7,-109.97,53.75,116.22,1755700031.2370977,15:27:11
25748.0,92.0,88.0,99.0,3.0,-6.11,2.87,7.36,-0.01,-0.02,0.02,21.7,-110.1,53.81,116.38,1755700031.2867699,15:27:11
25770.0,92.0,88.0,99.0,3.0,-6.03,2.87,7.35,0.01,-0.03,0.02,21.7,-110.23,53.88,116.54,1755700031.3418677,15:27:11
25791.0,92.0,88.0,99.0,3.0,-6.0,2.86,7.34,0.02,-0.02,0.0,21.7,-110.36,53.94,116.69,1755700031.4022126,15:27:11
25812.0,92.0,88.0,99.0,3.0,-6.01,2.92,7.34,0.02,-0.02,0.01,21.7,-110.49,54.0,116.85,1755700031.554545,15:27:11
25833.0,92.0,88.0,99.0,3.0,-5.99,2.96,7.33,0.02,-0.03,-0.01,21.71,-110.61,54.06,117.0,1755700031.6431286,15:27:11
25855.0,92.0,88.0,99.0,3.0,-5.98,2.96,7.28,0.01,-0.01,-0.01,21.71,-110.74,54.12,117.16,1755700031.7015283,15:27:11
25877.0,92.0,88.0,99.0,3.0,-6.04,2.91,7.35,0.0,-0.0,0.0,21.69,-110.88,54.19,117.32,1755700031.8562498,15:27:11
25898.0,92.0,88.0,99.0,3.0,-6.11,2.91,7.34,0.01,-0.02,-0.01,21.72,-111.0,54.25,117.48,1755700031.9521086,15:27:11
25919.0,92.0,88.0,99.0,3.0,-6.05,2.94,7.33,0.0,-0.01,0.0,21.71,-111.13,54.31,117.63,1755700032.0122054,15:27:12
25940.0,92.0,88.0,99.0,3.0,-6.05,2.94,7.3,-0.01,0.01,0.0,21.71,-111.26,54.37,117.79,1755700032.1574318,15:27:12
25962.0,92.0,88.0,99.0,3.0,-6.02,2.96,7.34,-0.0,-0.01,0.0,21.72,-111.39,54.44,117.95,1755700032.2340033,15:27:12
25983.0,92.0,88.0,99.0,3.0,-5.98,2.99,7.28,-0.01,0.01,-0.0,21.71,-111.52,54.5,118.1,1755700032.3630478,15:27:12
26004.0,92.0,88.0,99.0,3.0,-6.09,2.92,7.35,-0.02,0.02,0.01,21.71,-111.64,54.56,118.25,1755700032.4099314,15:27:12
26026.0,92.0,88.0,99.0,3.0,-6.03,2.94,7.36,-0.0,-0.02,0.01,21.71,-111.78,54.63,118.42,1755700032.4608502,15:27:12
26047.0,92.0,88.0,99.0,3.0,-6.0,2.95,7.31,-0.01,-0.0,0.0,21.72,-111.9,54.69,118.57,1755700032.512473,15:27:12
26068.0,92.0,88.0,99.0,3.0,-6.02,2.95,7.35,-0.02,0.02,0.01,21.71,-112.03,54.75,118.72,1755700032.6855965,15:27:12
26090.0,92.0,88.0,99.0,3.0,-6.0,2.97,7.35,-0.01,-0.01,-0.0,21.69,-112.16,54.82,118.89,1755700032.7445598,15:27:12
26111.0,92.0,88.0,99.0,3.0,-6.01,3.0,7.35,-0.02,0.01,-0.0,21.69,-112.29,54.88,119.04,1755700032.878448,15:27:12
26132.0,92.0,88.0,99.0,3.0,-6.0,2.96,7.33,-0.03,0.02,0.01,21.7,-112.42,54.94,119.19,1755700032.9322815,15:27:12
26153.0,92.0,88.0,99.0,3.0,-6.04,2.93,7.35,-0.02,0.0,-0.0,21.69,-112.54,55.0,119.35,1755700033.083637,15:27:13
26175.0,92.0,88.0,99.0,3.0,-6.02,2.95,7.35,-0.02,0.0,0.01,21.72,-112.67,55.07,119.51,1755700033.1784945,15:27:13
26196.0,92.0,88.0,99.0,3.0,-6.06,2.95,7.33,-0.03,0.02,-0.0,21.71,-112.8,55.13,119.66,1755700033.2279155,15:27:13
26218.0,92.0,88.0,99.0,3.0,-5.97,2.98,7.31,-0.03,0.01,-0.0,21.72,-112.93,55.2,119.83,1755700033.396548,15:27:13
26239.0,92.0,88.0,99.0,3.0,-6.05,2.95,7.33,-0.04,0.03,-0.01,21.71,-113.06,55.26,119.98,1755700033.4913206,15:27:13
26260.0,92.0,88.0,99.0,3.0,-6.09,2.94,7.36,-0.03,0.01,0.0,21.7,-113.19,55.32,120.13,1755700033.5549557,15:27:13
26282.0,92.0,88.0,99.0,3.0,-5.99,2.96,7.28,-0.01,-0.03,-0.01,21.7,-113.32,55.38,120.29,1755700033.6040437,15:27:13
26303.0,92.0,88.0,99.0,3.0,-6.03,2.93,7.28,-0.04,0.04,0.0,21.71,-113.45,55.45,120.45,1755700033.6551597,15:27:13
26324.0,92.0,88.0,99.0,3.0,-6.06,2.93,7.37,-0.04,0.02,0.01,21.71,-113.57,55.51,120.6,1755700033.7128305,15:27:13
26345.0,92.0,88.0,99.0,3.0,-6.0,2.98,7.34,-0.02,-0.02,-0.01,21.69,-113.7,55.57,120.76,1755700033.7627165,15:27:13
26367.0,92.0,88.0,99.0,3.0,-6.01,2.96,7.3,-0.04,0.04,0.0,21.72,-113.83,55.63,120.92,1755700033.819214,15:27:13
26389.0,92.0,88.0,99.0,3.0,-6.06,2.92,7.41,-0.04,0.02,-0.0,21.72,-113.96,55.7,121.08,1755700033.901483,15:27:13
26410.0,92.0,88.0,99.0,3.0,-6.09,2.87,7.36,-0.02,-0.01,0.0,21.7,-114.09,55.76,121.23,1755700034.0040188,15:27:14
26431.0,92.0,88.0,99.0,3.0,-6.04,2.92,7.33,-0.02,0.0,0.0,21.72,-114.22,55.82,121.39,1755700034.0578837,15:27:14
26452.0,92.0,88.0,99.0,3.0,-6.0,2.94,7.35,-0.02,0.01,-0.0,21.71,-114.35,55.88,121.54,1755700034.2055757,15:27:14
26474.0,92.0,88.0,99.0,3.0,-6.06,2.97,7.35,-0.03,0.02,0.0,21.72,-114.48,55.95,121.7,1755700034.264313,15:27:14
26495.0,92.0,88.0,99.0,3.0,-6.04,2.94,7.34,-0.02,-0.0,-0.01,21.72,-114.61,56.01,121.86,1755700034.315352,15:27:14
26516.0,92.0,88.0,99.0,3.0,-6.03,2.95,7.29,-0.02,-0.0,-0.01,21.71,-114.73,56.07,122.01,1755700034.4098656,15:27:14
26537.0,92.0,88.0,99.0,3.0,-6.01,2.95,7.32,-0.03,0.01,-0.01,21.72,-114.86,56.13,122.16,1755700034.4592512,15:27:14
26558.0,92.0,88.0,99.0,3.0,-6.08,2.92,7.35,-0.04,0.04,-0.0,21.72,-114.99,56.2,122.32,1755700034.5155632,15:27:14
26580.0,92.0,88.0,99.0,3.0,-6.11,2.94,7.35,-0.03,0.01,0.01,21.72,-115.12,56.26,122.48,1755700034.612016,15:27:14
26601.0,92.0,88.0,99.0,3.0,-6.03,2.91,7.29,-0.01,-0.01,-0.0,21.7,-115.25,56.32,122.63,1755700034.7163336,15:27:14
26622.0,92.0,88.0,99.0,3.0,-6.09,2.94,7.33,-0.02,0.02,0.01,21.72,-115.37,56.38,122.79,1755700034.8162847,15:27:14
26644.0,92.0,88.0,99.0,3.0,-5.99,2.93,7.35,-0.01,-0.0,0.01,21.73,-115.51,56.45,122.95,1755700034.9206858,15:27:14
26665.0,92.0,88.0,99.0,3.0,-6.0,2.91,7.33,-0.02,0.02,0.0,21.71,-115.63,56.51,123.1,1755700034.9759421,15:27:14
26686.0,92.0,88.0,99.0,3.0,-6.05,2.94,7.35,-0.02,0.02,0.01,21.73,-115.76,56.57,123.26,1755700035.041518,15:27:15
26707.0,92.0,88.0,99.0,3.0,-6.05,2.92,7.3,-0.01,-0.01,-0.0,21.71,-115.89,56.63,123.41,1755700035.124746,15:27:15
26728.0,92.0,88.0,99.0,3.0,-6.05,2.93,7.32,-0.0,-0.01,0.0,21.71,-116.01,56.69,123.56,1755700035.2385685,15:27:15
26749.0,92.0,88.0,99.0,3.0,-6.06,2.94,7.32,-0.01,0.01,0.0,21.72,-116.14,56.75,123.72,1755700035.3281264,15:27:15
26771.0,92.0,88.0,99.0,3.0,-6.04,2.95,7.33,-0.01,0.0,0.01,21.71,-116.27,56.82,123.88,1755700035.3771586,15:27:15
26793.0,92.0,88.0,99.0,3.0,-6.03,2.95,7.3,-0.02,0.01,0.01,21.71,-116.41,56.88,124.04,1755700035.4304965,15:27:15
26814.0,92.0,88.0,99.0,3.0,-6.03,2.95,7.32,-0.03,0.02,0.01,21.69,-116.53,56.95,124.19,1755700035.5364687,15:27:15
26835.0,92.0,88.0,99.0,3.0,-6.0,2.97,7.3,-0.03,0.02,0.0,21.71,-116.66,57.01,124.35,1755700035.5841396,15:27:15
26857.0,92.0,88.0,99.0,3.0,-6.05,2.96,7.35,-0.03,0.02,-0.01,21.72,-116.79,57.07,124.51,1755700035.6366172,15:27:15
26879.0,0.0,0.0,0.0,0.0,-6.02,2.96,7.29,-0.01,0.0,-0.01,21.72,-116.93,57.14,124.67,1755700035.7415082,15:27:15
26919.0,92.0,88.0,99.0,3.0,-6.06,2.94,7.29,-0.03,0.03,-0.0,21.72,-117.17,57.26,124.96,1755700035.8427937,15:27:15
26941.0,92.0,88.0,99.0,3.0,-6.1,2.91,7.31,-0.02,0.01,-0.01,21.72,-117.3,57.32,125.12,1755700035.8933215,15:27:15
26962.0,92.0,88.0,99.0,3.0,-6.07,2.94,7.26,-0.02,0.01,0.0,21.72,-117.43,57.38,125.27,1755700035.9431837,15:27:15
26984.0,92.0,88.0,99.0,3.0,-6.05,2.94,7.28,-0.04,0.03,-0.0,21.73,-117.56,57.45,125.43,1755700036.0462904,15:27:16
27006.0,92.0,88.0,99.0,3.0,-6.05,2.93,7.34,-0.03,0.03,0.01,21.71,-117.7,57.51,125.6,1755700036.1515996,15:27:16
27027.0,92.0,88.0,99.0,3.0,-6.07,2.94,7.31,-0.02,0.0,0.0,21.7,-117.82,57.57,125.75,1755700036.2521722,15:27:16
27048.0,92.0,88.0,99.0,3.0,-6.07,2.95,7.25,-0.02,0.02,0.0,21.7,-117.95,57.64,125.9,1755700036.3729897,15:27:16
27069.0,92.0,88.0,99.0,3.0,-6.05,2.91,7.27,-0.02,0.02,0.0,21.72,-118.08,57.7,126.05,1755700036.42682,15:27:16
27091.0,92.0,88.0,99.0,3.0,-6.11,2.94,7.33,-0.02,0.01,0.01,21.69,-118.21,57.76,126.22,1755700036.5634556,15:27:16
27112.0,92.0,88.0,99.0,3.0,-6.07,2.94,7.27,-0.02,0.01,-0.0,21.73,-118.34,57.82,126.37,1755700036.6642644,15:27:16
27133.0,92.0,88.0,99.0,3.0,-6.05,2.95,7.28,-0.03,0.03,-0.0,21.7,-118.47,57.88,126.52,1755700036.7165143,15:27:16
27155.0,92.0,88.0,99.0,3.0,-6.04,2.97,7.3,-0.03,0.02,-0.01,21.7,-118.6,57.95,126.68,1755700036.8741486,15:27:16
27176.0,92.0,88.0,99.0,3.0,-6.1,2.98,7.25,-0.03,0.01,-0.01,21.72,-118.73,58.01,126.83,1755700036.9696066,15:27:16
27199.0,92.0,88.0,99.0,3.0,-6.05,2.94,7.27,-0.04,0.02,-0.01,21.72,-118.87,58.08,127.0,1755700037.0308483,15:27:17
27220.0,92.0,88.0,99.0,3.0,-6.11,2.91,7.3,-0.05,0.03,-0.0,21.71,-118.99,58.14,127.15,1755700037.1843174,15:27:17
27241.0,92.0,88.0,99.0,3.0,-6.11,2.92,7.3,-0.04,0.02,-0.0,21.71,-119.12,58.2,127.31,1755700037.276206,15:27:17
27262.0,92.0,88.0,99.0,3.0,-6.07,2.93,7.28,-0.04,0.02,0.0,21.71,-119.25,58.26,127.46,1755700037.3316035,15:27:17
27283.0,92.0,88.0,99.0,3.0,-6.11,2.92,7.25,-0.04,0.03,0.0,21.72,-119.38,58.33,127.61,1755700037.4825013,15:27:17
27305.0,92.0,88.0,99.0,3.0,-6.1,2.9,7.32,-0.03,0.02,-0.0,21.72,-119.51,58.39,127.77,1755700037.5808008,15:27:17
27326.0,92.0,88.0,99.0,3.0,-6.11,2.91,7.31,-0.04,0.02,-0.0,21.71,-119.64,58.45,127.93,1755700037.6348279,15:27:17
27347.0,92.0,88.0,99.0,3.0,-6.11,2.92,7.26,-0.03,0.01,-0.0,21.72,-119.77,58.51,128.08,1755700037.7935705,15:27:17
27368.0,92.0,88.0,98.0,3.0,-6.07,2.91,7.28,-0.03,0.01,-0.01,21.72,-119.9,58.57,128.23,1755700037.8883255,15:27:17
27389.0,92.0,88.0,98.0,3.0,-6.12,2.9,7.29,-0.04,0.03,0.0,21.71,-120.02,58.63,128.39,1755700037.9412599,15:27:17
27411.0,92.0,88.0,98.0,3.0,-6.13,2.88,7.28,-0.02,0.0,-0.0,21.71,-120.16,58.7,128.55,1755700037.9903104,15:27:17
27432.0,92.0,88.0,98.0,3.0,-6.13,2.91,7.26,-0.03,0.01,-0.0,21.71,-120.29,58.76,128.7,1755700038.0383227,15:27:18
27454.0,92.0,88.0,98.0,3.0,-6.09,2.93,7.27,-0.04,0.02,0.0,21.71,-120.42,58.82,128.86,1755700038.0928857,15:27:18
27475.0,92.0,88.0,98.0,3.0,-6.1,2.9,7.27,-0.04,0.02,-0.0,21.72,-120.55,58.88,129.01,1755700038.198279,15:27:18
27497.0,92.0,88.0,98.0,3.0,-6.07,2.88,7.28,-0.04,0.01,-0.0,21.72,-120.68,58.95,129.17,1755700038.248239,15:27:18
27518.0,92.0,88.0,98.0,3.0,-6.1,2.9,7.29,-0.04,0.01,-0.0,21.71,-120.81,59.01,129.32,1755700038.2995162,15:27:18
27539.0,92.0,88.0,98.0,3.0,-6.15,2.88,7.3,-0.04,0.01,0.0,21.72,-120.94,59.07,129.48,1755700038.4014132,15:27:18
27560.0,92.0,88.0,98.0,3.0,-6.13,2.86,7.3,-0.03,-0.01,0.01,21.7,-121.07,59.13,129.63,1755700038.4574184,15:27:18
27581.0,92.0,88.0,98.0,3.0,-6.07,2.9,7.28,-0.02,-0.0,0.0,21.71,-121.2,59.19,129.78,1755700038.5104861,15:27:18
27603.0,92.0,88.0,98.0,3.0,-6.12,2.88,7.29,-0.04,0.02,0.0,21.7,-121.33,59.25,129.94,1755700038.6114178,15:27:18
27624.0,92.0,88.0,98.0,3.0,-6.12,2.89,7.28,-0.03,-0.0,0.0,21.71,-121.46,59.31,130.1,1755700038.7082722,15:27:18
27645.0,92.0,88.0,98.0,3.0,-6.09,2.87,7.28,-0.02,-0.02,-0.0,21.71,-121.59,59.37,130.25,1755700038.8245933,15:27:18
27667.0,92.0,88.0,98.0,3.0,-6.08,2.88,7.3,-0.03,0.01,0.01,21.72,-121.72,59.44,130.41,1755700038.9149687,15:27:18
27688.0,92.0,88.0,98.0,3.0,-6.1,2.9,7.29,-0.03,0.0,0.01,21.72,-121.85,59.5,130.56,1755700039.0160935,15:27:19
27710.0,92.0,88.0,98.0,3.0,-6.08,2.91,7.28,-0.03,0.01,0.0,21.72,-121.98,59.56,130.72,1755700039.128343,15:27:19
27731.0,92.0,88.0,98.0,3.0,-6.06,2.9,7.29,-0.04,0.02,0.01,21.71,-122.11,59.62,130.88,1755700039.2227645,15:27:19
27752.0,92.0,88.0,98.0,3.0,-6.17,2.9,7.28,-0.03,0.01,0.01,21.73,-122.24,59.68,131.03,1755700039.3287628,15:27:19
27773.0,92.0,88.0,98.0,3.0,-6.09,2.86,7.24,-0.02,-0.01,0.0,21.7,-122.37,59.74,131.18,1755700039.428053,15:27:19
